"zone","avg_speed","vehicle_count_total","rolling_congestion_index","critical_flag","window_start","window_end"
"MallRoad","42.04210526315789","1105","0.6284210526315789","NORMAL","2025-11-22 12:50:00.000000 UTC","2025-11-22 12:55:00.000000 UTC"
"RingRoad","41.44782608695652","1288","0.5891304347826088","NORMAL","2025-11-22 12:30:00.000000 UTC","2025-11-22 12:35:00.000000 UTC"
"Downtown","42.356249999999996","1855","0.6778125","NORMAL","2025-11-22 10:05:00.000000 UTC","2025-11-22 10:10:00.000000 UTC"
"MallRoad","39.77647058823529","1679","0.6270588235294118","NORMAL","2025-11-22 10:20:00.000000 UTC","2025-11-22 10:25:00.000000 UTC"
"Downtown","38.87142857142857","1343","0.6174999999999999","NORMAL","2025-11-22 10:35:00.000000 UTC","2025-11-22 10:40:00.000000 UTC"
"Downtown","40.57272727272728","1527","0.6784848484848484","NORMAL","2025-11-22 12:20:00.000000 UTC","2025-11-22 12:25:00.000000 UTC"
"TechPark","41.518181818181816","1752","0.6751515151515152","NORMAL","2025-11-22 11:10:00.000000 UTC","2025-11-22 11:15:00.000000 UTC"
"MallRoad","39.38918918918919","2013","0.6872972972972974","NORMAL","2025-11-22 10:05:00.000000 UTC","2025-11-22 10:10:00.000000 UTC"
"TechPark","37.19230769230769","1244","0.6557692307692308","NORMAL","2025-11-22 10:50:00.000000 UTC","2025-11-22 10:55:00.000000 UTC"
"Downtown","36.978125","1499","0.6756250000000001","NORMAL","2025-11-22 10:15:00.000000 UTC","2025-11-22 10:20:00.000000 UTC"
"TechPark","39.138709677419364","1716","0.6074193548387098","NORMAL","2025-11-22 10:30:00.000000 UTC","2025-11-22 10:35:00.000000 UTC"
"AirportRoad","42.60749999999999","1843","0.6417499999999999","NORMAL","2025-11-22 11:50:00.000000 UTC","2025-11-22 11:55:00.000000 UTC"
"RingRoad","38.12162162162162","1948","0.7045945945945947","CRITICAL","2025-11-22 10:20:00.000000 UTC","2025-11-22 10:25:00.000000 UTC"
"RingRoad","41.23055555555556","1991","0.6855555555555554","NORMAL","2025-11-22 12:20:00.000000 UTC","2025-11-22 12:25:00.000000 UTC"
"Downtown","41.354166666666664","1034","0.5787499999999999","NORMAL","2025-11-22 12:25:00.000000 UTC","2025-11-22 12:30:00.000000 UTC"
"Downtown","43.76153846153845","1414","0.6496153846153846","NORMAL","2025-11-22 10:45:00.000000 UTC","2025-11-22 10:50:00.000000 UTC"
"TechPark","42.27619047619048","1175","0.6385714285714286","NORMAL","2025-11-22 12:20:00.000000 UTC","2025-11-22 12:25:00.000000 UTC"
"Downtown","42.91304347826087","997","0.6152173913043479","NORMAL","2025-11-22 11:30:00.000000 UTC","2025-11-22 11:35:00.000000 UTC"
"AirportRoad","36.599999999999994","1855","0.6485714285714287","NORMAL","2025-11-22 11:20:00.000000 UTC","2025-11-22 11:25:00.000000 UTC"
"RingRoad","42.629411764705885","1514","0.6502941176470588","NORMAL","2025-11-22 11:55:00.000000 UTC","2025-11-22 12:00:00.000000 UTC"
"AirportRoad","43.803703703703704","1387","0.7003703703703702","CRITICAL","2025-11-22 12:30:00.000000 UTC","2025-11-22 12:35:00.000000 UTC"
"Downtown","42.599999999999994","1141","0.5271428571428571","NORMAL","2025-11-22 10:55:00.000000 UTC","2025-11-22 11:00:00.000000 UTC"
"RingRoad","37.37","1037","0.703","CRITICAL","2025-11-22 11:50:00.000000 UTC","2025-11-22 11:55:00.000000 UTC"
"AirportRoad","38.561904761904756","1065","0.6338095238095237","NORMAL","2025-11-22 12:10:00.000000 UTC","2025-11-22 12:15:00.000000 UTC"
"TechPark","38.79130434782609","1043","0.7078260869565218","CRITICAL","2025-11-22 12:10:00.000000 UTC","2025-11-22 12:15:00.000000 UTC"
"Downtown","34.93809523809524","1083","0.677142857142857","NORMAL","2025-11-22 12:15:00.000000 UTC","2025-11-22 12:20:00.000000 UTC"
"AirportRoad","41.129999999999995","1423","0.6113333333333334","NORMAL","2025-11-22 12:20:00.000000 UTC","2025-11-22 12:25:00.000000 UTC"
"RingRoad","41.08","1452","0.6609999999999999","NORMAL","2025-11-22 10:15:00.000000 UTC","2025-11-22 10:20:00.000000 UTC"
"Downtown","39.221875","1476","0.6140625000000002","NORMAL","2025-11-22 11:25:00.000000 UTC","2025-11-22 11:30:00.000000 UTC"
"TechPark","39.234482758620686","1372","0.6920689655172414","NORMAL","2025-11-22 09:55:00.000000 UTC","2025-11-22 10:00:00.000000 UTC"
"RingRoad","39.58275862068966","1383","0.5544827586206897","NORMAL","2025-11-22 10:45:00.000000 UTC","2025-11-22 10:50:00.000000 UTC"
"Downtown","42.87692307692307","1803","0.702051282051282","CRITICAL","2025-11-22 11:10:00.000000 UTC","2025-11-22 11:15:00.000000 UTC"
"RingRoad","40.08620689655172","1571","0.6520689655172415","NORMAL","2025-11-22 12:25:00.000000 UTC","2025-11-22 12:30:00.000000 UTC"
"TechPark","39.099999999999994","1164","0.6048275862068967","NORMAL","2025-11-22 10:35:00.000000 UTC","2025-11-22 10:40:00.000000 UTC"
"Downtown","42.44074074074074","1421","0.6918518518518519","NORMAL","2025-11-22 10:30:00.000000 UTC","2025-11-22 10:35:00.000000 UTC"
"RingRoad","37.840909090909086","1281","0.7259090909090908","CRITICAL","2025-11-22 11:40:00.000000 UTC","2025-11-22 11:45:00.000000 UTC"
"RingRoad","40.55666666666666","1323","0.6843333333333332","NORMAL","2025-11-22 11:15:00.000000 UTC","2025-11-22 11:20:00.000000 UTC"
"RingRoad","36.50000000000001","1014","0.6760869565217391","NORMAL","2025-11-22 11:30:00.000000 UTC","2025-11-22 11:35:00.000000 UTC"
"RingRoad","40.13666666666666","1480","0.6893333333333335","NORMAL","2025-11-22 10:50:00.000000 UTC","2025-11-22 10:55:00.000000 UTC"
"AirportRoad","37.802499999999995","2111","0.5735000000000001","NORMAL","2025-11-22 11:25:00.000000 UTC","2025-11-22 11:30:00.000000 UTC"
"RingRoad","36.625714285714295","2003","0.6705714285714286","NORMAL","2025-11-22 09:55:00.000000 UTC","2025-11-22 10:00:00.000000 UTC"
"TechPark","43.68518518518518","1491","0.6944444444444445","NORMAL","2025-11-22 11:55:00.000000 UTC","2025-11-22 12:00:00.000000 UTC"
"MallRoad","37.2060606060606","1777","0.6542424242424243","NORMAL","2025-11-22 11:05:00.000000 UTC","2025-11-22 11:10:00.000000 UTC"
"AirportRoad","40.18055555555556","1726","0.6788888888888889","NORMAL","2025-11-22 12:40:00.000000 UTC","2025-11-22 12:45:00.000000 UTC"
"RingRoad","41.312","1230","0.556","NORMAL","2025-11-22 11:25:00.000000 UTC","2025-11-22 11:30:00.000000 UTC"
"MallRoad","44.17222222222222","1865","0.5997222222222223","NORMAL","2025-11-22 10:40:00.000000 UTC","2025-11-22 10:45:00.000000 UTC"
"TechPark","42.103846153846156","1066","0.7365384615384616","CRITICAL","2025-11-22 10:40:00.000000 UTC","2025-11-22 10:45:00.000000 UTC"
"RingRoad","36.75555555555556","914","0.7266666666666667","CRITICAL","2025-11-22 10:35:00.000000 UTC","2025-11-22 10:40:00.000000 UTC"
"AirportRoad","38.15714285714286","1360","0.6542857142857142","NORMAL","2025-11-22 12:25:00.000000 UTC","2025-11-22 12:30:00.000000 UTC"
"RingRoad","42.91034482758621","1437","0.6186206896551724","NORMAL","2025-11-22 10:00:00.000000 UTC","2025-11-22 10:05:00.000000 UTC"
"Downtown","40.512499999999996","1557","0.6875","NORMAL","2025-11-22 12:00:00.000000 UTC","2025-11-22 12:05:00.000000 UTC"
"Downtown","37.12333333333334","1682","0.641","NORMAL","2025-11-22 10:25:00.000000 UTC","2025-11-22 10:30:00.000000 UTC"
"TechPark","39.324","1098","0.6328","NORMAL","2025-11-22 10:10:00.000000 UTC","2025-11-22 10:15:00.000000 UTC"
"Downtown","32.02","728","0.7325","CRITICAL","2025-11-22 11:40:00.000000 UTC","2025-11-22 11:45:00.000000 UTC"
"AirportRoad","44.091304347826096","1894","0.592608695652174","NORMAL","2025-11-22 10:30:00.000000 UTC","2025-11-22 10:35:00.000000 UTC"
"MallRoad","39.53103448275861","1512","0.5758620689655172","NORMAL","2025-11-22 11:45:00.000000 UTC","2025-11-22 11:50:00.000000 UTC"
"RingRoad","42.295833333333334","1233","0.6645833333333333","NORMAL","2025-11-22 11:10:00.000000 UTC","2025-11-22 11:15:00.000000 UTC"
"AirportRoad","39.932352941176475","1416","0.6691176470588234","NORMAL","2025-11-22 11:40:00.000000 UTC","2025-11-22 11:45:00.000000 UTC"
"MallRoad","40.95769230769231","1337","0.6042307692307692","NORMAL","2025-11-22 11:55:00.000000 UTC","2025-11-22 12:00:00.000000 UTC"
"Downtown","40.60322580645161","1737","0.5700000000000001","NORMAL","2025-11-22 12:40:00.000000 UTC","2025-11-22 12:45:00.000000 UTC"
"AirportRoad","41.72058823529411","1702","0.695","NORMAL","2025-11-22 10:00:00.000000 UTC","2025-11-22 10:05:00.000000 UTC"
"TechPark","40.623076923076916","1094","0.636923076923077","NORMAL","2025-11-22 11:30:00.000000 UTC","2025-11-22 11:35:00.000000 UTC"
"Downtown","39.92857142857143","697","0.6085714285714285","NORMAL","2025-11-22 09:50:00.000000 UTC","2025-11-22 09:55:00.000000 UTC"
"MallRoad","38.527272727272724","1663","0.7421212121212123","CRITICAL","2025-11-22 10:50:00.000000 UTC","2025-11-22 10:55:00.000000 UTC"
"MallRoad","41.36333333333334","1336","0.6526666666666667","NORMAL","2025-11-22 11:10:00.000000 UTC","2025-11-22 11:15:00.000000 UTC"
"Downtown","37.78484848484849","1578","0.6812121212121212","NORMAL","2025-11-22 11:45:00.000000 UTC","2025-11-22 11:50:00.000000 UTC"
"Downtown","38.675","959","0.6484999999999999","NORMAL","2025-11-22 10:10:00.000000 UTC","2025-11-22 10:15:00.000000 UTC"
"TechPark","38.96206896551725","1683","0.6524137931034482","NORMAL","2025-11-22 12:05:00.000000 UTC","2025-11-22 12:10:00.000000 UTC"
"AirportRoad","35.70869565217391","854","0.6930434782608695","NORMAL","2025-11-22 12:15:00.000000 UTC","2025-11-22 12:20:00.000000 UTC"
"RingRoad","42.208333333333336","1882","0.6763888888888889","NORMAL","2025-11-22 10:30:00.000000 UTC","2025-11-22 10:35:00.000000 UTC"
"AirportRoad","41.786666666666655","1402","0.662","NORMAL","2025-11-22 11:10:00.000000 UTC","2025-11-22 11:15:00.000000 UTC"
"MallRoad","40.353125","1752","0.5871875","NORMAL","2025-11-22 10:55:00.000000 UTC","2025-11-22 11:00:00.000000 UTC"
"TechPark","39.81578947368422","950","0.696842105263158","NORMAL","2025-11-22 09:50:00.000000 UTC","2025-11-22 09:55:00.000000 UTC"
"RingRoad","42.78108108108107","1634","0.7110810810810811","CRITICAL","2025-11-22 12:45:00.000000 UTC","2025-11-22 12:50:00.000000 UTC"
"Downtown","37.24666666666666","1521","0.6673333333333333","NORMAL","2025-11-22 10:20:00.000000 UTC","2025-11-22 10:25:00.000000 UTC"
"Downtown","42.70799999999999","1185","0.6408","NORMAL","2025-11-22 11:05:00.000000 UTC","2025-11-22 11:10:00.000000 UTC"
"MallRoad","39.52121212121212","1580","0.7196969696969697","CRITICAL","2025-11-22 11:50:00.000000 UTC","2025-11-22 11:55:00.000000 UTC"
"AirportRoad","40.993750000000006","1542","0.6500000000000001","NORMAL","2025-11-22 10:15:00.000000 UTC","2025-11-22 10:20:00.000000 UTC"
"TechPark","43.62068965517241","1605","0.6272413793103448","NORMAL","2025-11-22 11:05:00.000000 UTC","2025-11-22 11:10:00.000000 UTC"
"RingRoad","42.781250000000014","1553","0.6537499999999999","NORMAL","2025-11-22 10:05:00.000000 UTC","2025-11-22 10:10:00.000000 UTC"
"RingRoad","38.183870967741946","1609","0.6700000000000002","NORMAL","2025-11-22 11:20:00.000000 UTC","2025-11-22 11:25:00.000000 UTC"
"MallRoad","42.092","1323","0.5916000000000001","NORMAL","2025-11-22 12:25:00.000000 UTC","2025-11-22 12:30:00.000000 UTC"
"TechPark","40.48400000000001","1156","0.7652","CRITICAL","2025-11-22 10:45:00.000000 UTC","2025-11-22 10:50:00.000000 UTC"
"MallRoad","42.256521739130434","1143","0.6639130434782609","NORMAL","2025-11-22 12:00:00.000000 UTC","2025-11-22 12:05:00.000000 UTC"
"Downtown","40.20869565217391","1524","0.6808695652173914","NORMAL","2025-11-22 10:40:00.000000 UTC","2025-11-22 10:45:00.000000 UTC"
"TechPark","42.46206896551724","1469","0.6434482758620691","NORMAL","2025-11-22 11:50:00.000000 UTC","2025-11-22 11:55:00.000000 UTC"
"Downtown","42.745161290322585","1463","0.6664516129032259","NORMAL","2025-11-22 11:35:00.000000 UTC","2025-11-22 11:40:00.000000 UTC"
"MallRoad","37.4","1162","0.667391304347826","NORMAL","2025-11-22 10:30:00.000000 UTC","2025-11-22 10:35:00.000000 UTC"
"RingRoad","40.91851851851852","1175","0.6122222222222221","NORMAL","2025-11-22 12:05:00.000000 UTC","2025-11-22 12:10:00.000000 UTC"
"RingRoad","39.42272727272727","1096","0.700909090909091","CRITICAL","2025-11-22 10:10:00.000000 UTC","2025-11-22 10:15:00.000000 UTC"
"TechPark","37.341666666666676","1077","0.7600000000000001","CRITICAL","2025-11-22 10:55:00.000000 UTC","2025-11-22 11:00:00.000000 UTC"
"AirportRoad","41.06206896551724","1614","0.6224137931034484","NORMAL","2025-11-22 12:00:00.000000 UTC","2025-11-22 12:05:00.000000 UTC"
"Downtown","43.1074074074074","1145","0.6455555555555554","NORMAL","2025-11-22 12:05:00.000000 UTC","2025-11-22 12:10:00.000000 UTC"
"RingRoad","40.07142857142857","1463","0.6574285714285715","NORMAL","2025-11-22 11:05:00.000000 UTC","2025-11-22 11:10:00.000000 UTC"
"Downtown","41.184","1118","0.6472","NORMAL","2025-11-22 12:30:00.000000 UTC","2025-11-22 12:35:00.000000 UTC"
"RingRoad","40.05454545454546","2040","0.5575757575757577","NORMAL","2025-11-22 12:40:00.000000 UTC","2025-11-22 12:45:00.000000 UTC"
"MallRoad","39.89032258064517","1592","0.6335483870967742","NORMAL","2025-11-22 10:25:00.000000 UTC","2025-11-22 10:30:00.000000 UTC"
"MallRoad","41.97","1489","0.6809999999999999","NORMAL","2025-11-22 11:40:00.000000 UTC","2025-11-22 11:45:00.000000 UTC"
"RingRoad","41.72916666666667","1033","0.6724999999999999","NORMAL","2025-11-22 12:35:00.000000 UTC","2025-11-22 12:40:00.000000 UTC"
"MallRoad","40.88","1009","0.6844000000000001","NORMAL","2025-11-22 12:10:00.000000 UTC","2025-11-22 12:15:00.000000 UTC"
"TechPark","44.521739130434774","1002","0.6456521739130436","NORMAL","2025-11-22 11:45:00.000000 UTC","2025-11-22 11:50:00.000000 UTC"
"TechPark","39.635999999999996","1346","0.6544","NORMAL","2025-11-22 11:25:00.000000 UTC","2025-11-22 11:30:00.000000 UTC"
"MallRoad","41.44642857142858","1256","0.5925","NORMAL","2025-11-22 12:35:00.000000 UTC","2025-11-22 12:40:00.000000 UTC"
"Downtown","41.79310344827587","1578","0.6851724137931032","NORMAL","2025-11-22 11:00:00.000000 UTC","2025-11-22 11:05:00.000000 UTC"
"AirportRoad","41.717647058823516","1919","0.6958823529411764","NORMAL","2025-11-22 09:55:00.000000 UTC","2025-11-22 10:00:00.000000 UTC"
"Downtown","40.834999999999994","943","0.6685000000000001","NORMAL","2025-11-22 10:50:00.000000 UTC","2025-11-22 10:55:00.000000 UTC"
"Downtown","38.253846153846155","1343","0.6538461538461539","NORMAL","2025-11-22 11:20:00.000000 UTC","2025-11-22 11:25:00.000000 UTC"
"TechPark","40.24444444444444","1165","0.7374074074074075","CRITICAL","2025-11-22 12:15:00.000000 UTC","2025-11-22 12:20:00.000000 UTC"
"RingRoad","44.99230769230769","515","0.6907692307692308","NORMAL","2025-11-22 09:50:00.000000 UTC","2025-11-22 09:55:00.000000 UTC"
"RingRoad","38.753571428571426","1505","0.6617857142857143","NORMAL","2025-11-22 11:35:00.000000 UTC","2025-11-22 11:40:00.000000 UTC"
"Downtown","37.97692307692307","1714","0.6699999999999999","NORMAL","2025-11-22 11:50:00.000000 UTC","2025-11-22 11:55:00.000000 UTC"
"TechPark","40.22692307692308","1361","0.6823076923076924","NORMAL","2025-11-22 12:00:00.000000 UTC","2025-11-22 12:05:00.000000 UTC"
"AirportRoad","43.400000000000006","1221","0.6900000000000001","NORMAL","2025-11-22 11:55:00.000000 UTC","2025-11-22 12:00:00.000000 UTC"
"AirportRoad","41.63333333333333","1659","0.6436666666666667","NORMAL","2025-11-22 10:45:00.000000 UTC","2025-11-22 10:50:00.000000 UTC"
"AirportRoad","36.425","374","0.63375","NORMAL","2025-11-22 09:50:00.000000 UTC","2025-11-22 09:55:00.000000 UTC"
"TechPark","39.33703703703704","1283","0.642962962962963","NORMAL","2025-11-22 10:25:00.000000 UTC","2025-11-22 10:30:00.000000 UTC"
"MallRoad","41.459090909090904","1064","0.6804545454545455","NORMAL","2025-11-22 10:00:00.000000 UTC","2025-11-22 10:05:00.000000 UTC"
"TechPark","41.01142857142857","1793","0.6254285714285714","NORMAL","2025-11-22 11:15:00.000000 UTC","2025-11-22 11:20:00.000000 UTC"
"AirportRoad","38.70869565217392","1392","0.6843478260869565","NORMAL","2025-11-22 11:30:00.000000 UTC","2025-11-22 11:35:00.000000 UTC"
"TechPark","43.06363636363637","1010","0.620909090909091","NORMAL","2025-11-22 12:25:00.000000 UTC","2025-11-22 12:30:00.000000 UTC"
"MallRoad","42.4695652173913","981","0.6247826086956522","NORMAL","2025-11-22 12:30:00.000000 UTC","2025-11-22 12:35:00.000000 UTC"
"MallRoad","35.290476190476184","957","0.7385714285714287","CRITICAL","2025-11-22 10:45:00.000000 UTC","2025-11-22 10:50:00.000000 UTC"
"TechPark","40.928125","1736","0.6365624999999999","NORMAL","2025-11-22 11:40:00.000000 UTC","2025-11-22 11:45:00.000000 UTC"
"AirportRoad","41.48064516129033","1333","0.6219354838709678","NORMAL","2025-11-22 11:00:00.000000 UTC","2025-11-22 11:05:00.000000 UTC"
"MallRoad","39.44642857142857","1441","0.7146428571428572","CRITICAL","2025-11-22 10:15:00.000000 UTC","2025-11-22 10:20:00.000000 UTC"
"AirportRoad","37.554838709677426","1644","0.6780645161290323","NORMAL","2025-11-22 11:15:00.000000 UTC","2025-11-22 11:20:00.000000 UTC"
"RingRoad","39.92666666666666","1430","0.6846666666666665","NORMAL","2025-11-22 12:00:00.000000 UTC","2025-11-22 12:05:00.000000 UTC"
"AirportRoad","38.16842105263157","850","0.6799999999999999","NORMAL","2025-11-22 10:25:00.000000 UTC","2025-11-22 10:30:00.000000 UTC"
"RingRoad","38.17307692307692","1247","0.6115384615384615","NORMAL","2025-11-22 12:50:00.000000 UTC","2025-11-22 12:55:00.000000 UTC"
"TechPark","39.23548387096774","1664","0.6296774193548388","NORMAL","2025-11-22 12:30:00.000000 UTC","2025-11-22 12:35:00.000000 UTC"
"MallRoad","38.42962962962962","1465","0.637037037037037","NORMAL","2025-11-22 09:55:00.000000 UTC","2025-11-22 10:00:00.000000 UTC"
"AirportRoad","47.25625","798","0.541875","NORMAL","2025-11-22 11:35:00.000000 UTC","2025-11-22 11:40:00.000000 UTC"
"MallRoad","39.42727272727273","1548","0.6857575757575757","NORMAL","2025-11-22 12:20:00.000000 UTC","2025-11-22 12:25:00.000000 UTC"
"MallRoad","36.285185185185185","1471","0.6755555555555556","NORMAL","2025-11-22 12:40:00.000000 UTC","2025-11-22 12:45:00.000000 UTC"
"MallRoad","43.50476190476191","1137","0.6799999999999999","NORMAL","2025-11-22 11:00:00.000000 UTC","2025-11-22 11:05:00.000000 UTC"
"MallRoad","37.66086956521739","1150","0.7178260869565218","CRITICAL","2025-11-22 12:15:00.000000 UTC","2025-11-22 12:20:00.000000 UTC"
"TechPark","38.24516129032258","1511","0.6396774193548388","NORMAL","2025-11-22 11:00:00.000000 UTC","2025-11-22 11:05:00.000000 UTC"
"TechPark","38.215384615384615","594","0.5461538461538462","NORMAL","2025-11-22 12:50:00.000000 UTC","2025-11-22 12:55:00.000000 UTC"
"Downtown","41.06","938","0.6975999999999999","NORMAL","2025-11-22 12:10:00.000000 UTC","2025-11-22 12:15:00.000000 UTC"
"RingRoad","38.67741935483871","1531","0.7080645161290322","CRITICAL","2025-11-22 12:15:00.000000 UTC","2025-11-22 12:20:00.000000 UTC"
"AirportRoad","42.38636363636363","1237","0.6872727272727274","NORMAL","2025-11-22 10:50:00.000000 UTC","2025-11-22 10:55:00.000000 UTC"
"RingRoad","40.53200000000001","1511","0.6240000000000001","NORMAL","2025-11-22 10:40:00.000000 UTC","2025-11-22 10:45:00.000000 UTC"
"TechPark","37.114285714285714","1506","0.6849999999999999","NORMAL","2025-11-22 11:35:00.000000 UTC","2025-11-22 11:40:00.000000 UTC"
"MallRoad","38.01904761904762","803","0.6566666666666667","NORMAL","2025-11-22 10:10:00.000000 UTC","2025-11-22 10:15:00.000000 UTC"
"MallRoad","37.239130434782616","1234","0.5826086956521739","NORMAL","2025-11-22 12:45:00.000000 UTC","2025-11-22 12:50:00.000000 UTC"
"AirportRoad","39.221739130434784","1172","0.6869565217391305","NORMAL","2025-11-22 10:35:00.000000 UTC","2025-11-22 10:40:00.000000 UTC"
"AirportRoad","39.676","1149","0.6868000000000001","NORMAL","2025-11-22 12:45:00.000000 UTC","2025-11-22 12:50:00.000000 UTC"
"MallRoad","37.522222222222226","917","0.6933333333333335","NORMAL","2025-11-22 10:35:00.000000 UTC","2025-11-22 10:40:00.000000 UTC"
"Downtown","43.42962962962964","1545","0.6374074074074074","NORMAL","2025-11-22 09:55:00.000000 UTC","2025-11-22 10:00:00.000000 UTC"
"MallRoad","38.365","1026","0.6644999999999999","NORMAL","2025-11-22 11:20:00.000000 UTC","2025-11-22 11:25:00.000000 UTC"
"Downtown","42.726470588235294","1785","0.6211764705882352","NORMAL","2025-11-22 11:15:00.000000 UTC","2025-11-22 11:20:00.000000 UTC"
"AirportRoad","36.52499999999999","1341","0.6164285714285713","NORMAL","2025-11-22 12:05:00.000000 UTC","2025-11-22 12:10:00.000000 UTC"
"AirportRoad","38.2","1156","0.6659999999999999","NORMAL","2025-11-22 11:45:00.000000 UTC","2025-11-22 11:50:00.000000 UTC"
"TechPark","39.49411764705882","789","0.6411764705882353","NORMAL","2025-11-22 11:20:00.000000 UTC","2025-11-22 11:25:00.000000 UTC"
"TechPark","39.96551724137931","1263","0.5875862068965517","NORMAL","2025-11-22 10:05:00.000000 UTC","2025-11-22 10:10:00.000000 UTC"
"RingRoad","40.79259259259259","1449","0.7037037037037037","CRITICAL","2025-11-22 11:00:00.000000 UTC","2025-11-22 11:05:00.000000 UTC"
"AirportRoad","40.41304347826087","1121","0.6673913043478261","NORMAL","2025-11-22 12:35:00.000000 UTC","2025-11-22 12:40:00.000000 UTC"
"TechPark","41.281481481481485","1357","0.6325925925925927","NORMAL","2025-11-22 12:35:00.000000 UTC","2025-11-22 12:40:00.000000 UTC"
"TechPark","37.987096774193546","1519","0.6451612903225807","NORMAL","2025-11-22 12:40:00.000000 UTC","2025-11-22 12:45:00.000000 UTC"
"AirportRoad","39.63333333333334","1239","0.6907407407407407","NORMAL","2025-11-22 10:55:00.000000 UTC","2025-11-22 11:00:00.000000 UTC"
"MallRoad","43.60454545454545","1189","0.705","CRITICAL","2025-11-22 11:35:00.000000 UTC","2025-11-22 11:40:00.000000 UTC"
"MallRoad","38.34090909090909","1122","0.6468181818181817","NORMAL","2025-11-22 11:15:00.000000 UTC","2025-11-22 11:20:00.000000 UTC"
"TechPark","38.35","1066","0.6875000000000001","NORMAL","2025-11-22 12:45:00.000000 UTC","2025-11-22 12:50:00.000000 UTC"
"Downtown","41.61923076923077","1351","0.6576923076923076","NORMAL","2025-11-22 12:35:00.000000 UTC","2025-11-22 12:40:00.000000 UTC"
"Downtown","42.90869565217391","1235","0.662608695652174","NORMAL","2025-11-22 12:45:00.000000 UTC","2025-11-22 12:50:00.000000 UTC"
"TechPark","38.58518518518518","1413","0.6270370370370372","NORMAL","2025-11-22 10:20:00.000000 UTC","2025-11-22 10:25:00.000000 UTC"
"Downtown","42.18333333333334","1380","0.64375","NORMAL","2025-11-22 11:55:00.000000 UTC","2025-11-22 12:00:00.000000 UTC"
"AirportRoad","40.45416666666666","1267","0.7266666666666666","CRITICAL","2025-11-22 10:10:00.000000 UTC","2025-11-22 10:15:00.000000 UTC"
"MallRoad","41.392307692307696","547","0.7523076923076922","CRITICAL","2025-11-22 09:50:00.000000 UTC","2025-11-22 09:55:00.000000 UTC"
"AirportRoad","40.65483870967742","1737","0.7170967741935484","CRITICAL","2025-11-22 10:40:00.000000 UTC","2025-11-22 10:45:00.000000 UTC"
"RingRoad","40.709375","1642","0.7031250000000001","CRITICAL","2025-11-22 10:55:00.000000 UTC","2025-11-22 11:00:00.000000 UTC"
"AirportRoad","40.43600000000001","969","0.7296","CRITICAL","2025-11-22 10:20:00.000000 UTC","2025-11-22 10:25:00.000000 UTC"
"MallRoad","39.519999999999996","1413","0.6633333333333333","NORMAL","2025-11-22 11:25:00.000000 UTC","2025-11-22 11:30:00.000000 UTC"
"AirportRoad","37.696","1154","0.6112","NORMAL","2025-11-22 11:05:00.000000 UTC","2025-11-22 11:10:00.000000 UTC"
"TechPark","38.07368421052632","936","0.711578947368421","CRITICAL","2025-11-22 10:15:00.000000 UTC","2025-11-22 10:20:00.000000 UTC"
"Downtown","42.13571428571429","1218","0.6039285714285715","NORMAL","2025-11-22 10:00:00.000000 UTC","2025-11-22 10:05:00.000000 UTC"
"MallRoad","36.756","1119","0.6632000000000001","NORMAL","2025-11-22 12:05:00.000000 UTC","2025-11-22 12:10:00.000000 UTC"
"RingRoad","39.56756756756757","1869","0.668918918918919","NORMAL","2025-11-22 11:45:00.000000 UTC","2025-11-22 11:50:00.000000 UTC"
"TechPark","41.035714285714285","1233","0.6603571428571428","NORMAL","2025-11-22 10:00:00.000000 UTC","2025-11-22 10:05:00.000000 UTC"
"MallRoad","39.141379310344824","1428","0.6972413793103449","NORMAL","2025-11-22 11:30:00.000000 UTC","2025-11-22 11:35:00.000000 UTC"
"RingRoad","39.951851851851856","1160","0.6585185185185186","NORMAL","2025-11-22 12:10:00.000000 UTC","2025-11-22 12:15:00.000000 UTC"
"Downtown","39.73333333333332","861","0.7188888888888889","CRITICAL","2025-11-22 12:50:00.000000 UTC","2025-11-22 12:55:00.000000 UTC"
"AirportRoad","44.404545454545456","1104","0.6459090909090909","NORMAL","2025-11-22 10:05:00.000000 UTC","2025-11-22 10:10:00.000000 UTC"
"RingRoad","37.66111111111111","681","0.6977777777777778","NORMAL","2025-11-22 10:25:00.000000 UTC","2025-11-22 10:30:00.000000 UTC"
"AirportRoad","38.583333333333336","395","0.5800000000000001","NORMAL","2025-11-22 12:50:00.000000 UTC","2025-11-22 12:55:00.000000 UTC"
"MallRoad","39.10869565217391","1170","0.5795652173913044","NORMAL","2025-11-21 12:45:00.000000 UTC","2025-11-21 12:50:00.000000 UTC"
"TechPark","36.25","1000","0.6194444444444445","NORMAL","2025-11-21 12:40:00.000000 UTC","2025-11-21 12:45:00.000000 UTC"
"RingRoad","38.528","1097","0.6244","NORMAL","2025-11-21 09:30:00.000000 UTC","2025-11-21 09:35:00.000000 UTC"
"RingRoad","35.25","1278","0.6275000000000001","NORMAL","2025-11-21 11:00:00.000000 UTC","2025-11-21 11:05:00.000000 UTC"
"RingRoad","41.93076923076923","1298","0.698076923076923","NORMAL","2025-11-21 12:00:00.000000 UTC","2025-11-21 12:05:00.000000 UTC"
"AirportRoad","39.013333333333335","826","0.5299999999999999","NORMAL","2025-11-21 09:05:00.000000 UTC","2025-11-21 09:10:00.000000 UTC"
"Downtown","33.94666666666667","842","0.5513333333333335","NORMAL","2025-11-21 11:25:00.000000 UTC","2025-11-21 11:30:00.000000 UTC"
"MallRoad","39.225","1188","0.53625","NORMAL","2025-11-21 12:35:00.000000 UTC","2025-11-21 12:40:00.000000 UTC"
"MallRoad","41.36","901","0.7019999999999998","CRITICAL","2025-11-21 10:45:00.000000 UTC","2025-11-21 10:50:00.000000 UTC"
"TechPark","37.900000000000006","991","0.6322222222222221","NORMAL","2025-11-21 11:00:00.000000 UTC","2025-11-21 11:05:00.000000 UTC"
"TechPark","41.22307692307693","773","0.6107692307692308","NORMAL","2025-11-21 11:30:00.000000 UTC","2025-11-21 11:35:00.000000 UTC"
"MallRoad","40.24210526315789","949","0.631578947368421","NORMAL","2025-11-21 11:55:00.000000 UTC","2025-11-21 12:00:00.000000 UTC"
"MallRoad","42.88","503","0.637","NORMAL","2025-11-21 11:30:00.000000 UTC","2025-11-21 11:35:00.000000 UTC"
"AirportRoad","41.24285714285715","1206","0.5933333333333333","NORMAL","2025-11-21 09:15:00.000000 UTC","2025-11-21 09:20:00.000000 UTC"
"Downtown","40.204761904761895","1082","0.5647619047619047","NORMAL","2025-11-21 09:55:00.000000 UTC","2025-11-21 10:00:00.000000 UTC"
"MallRoad","43.2074074074074","1239","0.6003703703703704","NORMAL","2025-11-21 10:50:00.000000 UTC","2025-11-21 10:55:00.000000 UTC"
"Downtown","37.89655172413792","1503","0.6737931034482758","NORMAL","2025-11-21 10:05:00.000000 UTC","2025-11-21 10:10:00.000000 UTC"
"MallRoad","40.548","1374","0.5596","NORMAL","2025-11-21 12:25:00.000000 UTC","2025-11-21 12:30:00.000000 UTC"
"RingRoad","41.873684210526314","704","0.6336842105263157","NORMAL","2025-11-21 10:40:00.000000 UTC","2025-11-21 10:45:00.000000 UTC"
"TechPark","43.075","900","0.688","NORMAL","2025-11-21 11:35:00.000000 UTC","2025-11-21 11:40:00.000000 UTC"
"AirportRoad","42.99","961","0.5895","NORMAL","2025-11-21 11:25:00.000000 UTC","2025-11-21 11:30:00.000000 UTC"
"MallRoad","36.64347826086957","1081","0.602608695652174","NORMAL","2025-11-21 09:05:00.000000 UTC","2025-11-21 09:10:00.000000 UTC"
"TechPark","39.87777777777778","1241","0.6414814814814815","NORMAL","2025-11-21 11:10:00.000000 UTC","2025-11-21 11:15:00.000000 UTC"
"MallRoad","41.168749999999996","1083","0.60125","NORMAL","2025-11-21 11:10:00.000000 UTC","2025-11-21 11:15:00.000000 UTC"
"AirportRoad","39.59333333333334","664","0.6753333333333335","NORMAL","2025-11-21 11:10:00.000000 UTC","2025-11-21 11:15:00.000000 UTC"
"Downtown","39.62380952380951","1092","0.6266666666666666","NORMAL","2025-11-21 10:20:00.000000 UTC","2025-11-21 10:25:00.000000 UTC"
"MallRoad","39.559999999999995","812","0.5885","NORMAL","2025-11-21 11:25:00.000000 UTC","2025-11-21 11:30:00.000000 UTC"
"Downtown","35.18999999999999","789","0.6460000000000001","NORMAL","2025-11-21 11:10:00.000000 UTC","2025-11-21 11:15:00.000000 UTC"
"MallRoad","37.795","841","0.5710000000000001","NORMAL","2025-11-21 12:30:00.000000 UTC","2025-11-21 12:35:00.000000 UTC"
"RingRoad","44.26428571428572","641","0.675","NORMAL","2025-11-21 11:20:00.000000 UTC","2025-11-21 11:25:00.000000 UTC"
"MallRoad","41.763999999999996","1514","0.5671999999999999","NORMAL","2025-11-21 13:00:00.000000 UTC","2025-11-21 13:05:00.000000 UTC"
"MallRoad","40.68076923076923","1016","0.6584615384615383","NORMAL","2025-11-21 12:55:00.000000 UTC","2025-11-21 13:00:00.000000 UTC"
"TechPark","42.968","1342","0.6356","NORMAL","2025-11-21 10:15:00.000000 UTC","2025-11-21 10:20:00.000000 UTC"
"TechPark","41.736000000000004","1201","0.5912000000000001","NORMAL","2025-11-21 10:05:00.000000 UTC","2025-11-21 10:10:00.000000 UTC"
"MallRoad","39.817647058823525","866","0.6588235294117647","NORMAL","2025-11-21 12:50:00.000000 UTC","2025-11-21 12:55:00.000000 UTC"
"MallRoad","39.23529411764705","538","0.6647058823529411","NORMAL","2025-11-21 12:10:00.000000 UTC","2025-11-21 12:15:00.000000 UTC"
"Downtown","36.855","1276","0.628","NORMAL","2025-11-21 12:50:00.000000 UTC","2025-11-21 12:55:00.000000 UTC"
"MallRoad","37.735","1166","0.649","NORMAL","2025-11-21 09:55:00.000000 UTC","2025-11-21 10:00:00.000000 UTC"
"MallRoad","42.06666666666667","138","0.9233333333333332","CRITICAL","2025-11-21 09:00:00.000000 UTC","2025-11-21 09:05:00.000000 UTC"
"RingRoad","41.61764705882353","792","0.6047058823529411","NORMAL","2025-11-21 12:15:00.000000 UTC","2025-11-21 12:20:00.000000 UTC"
"RingRoad","43.36842105263158","890","0.6352631578947369","NORMAL","2025-11-21 09:25:00.000000 UTC","2025-11-21 09:30:00.000000 UTC"
"TechPark","38.06363636363637","1137","0.5118181818181817","NORMAL","2025-11-21 12:00:00.000000 UTC","2025-11-21 12:05:00.000000 UTC"
"RingRoad","43.368421052631575","909","0.5610526315789474","NORMAL","2025-11-21 11:50:00.000000 UTC","2025-11-21 11:55:00.000000 UTC"
"MallRoad","42.073684210526324","1094","0.6536842105263158","NORMAL","2025-11-21 09:30:00.000000 UTC","2025-11-21 09:35:00.000000 UTC"
"RingRoad","40.10000000000001","1250","0.6326923076923077","NORMAL","2025-11-21 10:00:00.000000 UTC","2025-11-21 10:05:00.000000 UTC"
"Downtown","38.66538461538461","1275","0.7246153846153847","CRITICAL","2025-11-21 10:35:00.000000 UTC","2025-11-21 10:40:00.000000 UTC"
"AirportRoad","40.7","1268","0.5807407407407409","NORMAL","2025-11-21 10:45:00.000000 UTC","2025-11-21 10:50:00.000000 UTC"
"Downtown","41.13181818181818","956","0.5454545454545454","NORMAL","2025-11-21 10:55:00.000000 UTC","2025-11-21 11:00:00.000000 UTC"
"MallRoad","40.17391304347826","976","0.6569565217391304","NORMAL","2025-11-21 09:10:00.000000 UTC","2025-11-21 09:15:00.000000 UTC"
"AirportRoad","37.662962962962965","1344","0.6844444444444446","NORMAL","2025-11-21 10:05:00.000000 UTC","2025-11-21 10:10:00.000000 UTC"
"Downtown","44.395833333333336","1178","0.6075","NORMAL","2025-11-21 12:10:00.000000 UTC","2025-11-21 12:15:00.000000 UTC"
"Downtown","40.885714285714286","922","0.5807142857142857","NORMAL","2025-11-21 11:00:00.000000 UTC","2025-11-21 11:05:00.000000 UTC"
"RingRoad","40.86428571428572","681","0.6328571428571428","NORMAL","2025-11-21 10:45:00.000000 UTC","2025-11-21 10:50:00.000000 UTC"
"TechPark","42.209523809523816","1297","0.6152380952380951","NORMAL","2025-11-21 09:45:00.000000 UTC","2025-11-21 09:50:00.000000 UTC"
"Downtown","39.400000000000006","1020","0.5819047619047619","NORMAL","2025-11-21 09:10:00.000000 UTC","2025-11-21 09:15:00.000000 UTC"
"RingRoad","38.94444444444444","834","0.6961111111111111","NORMAL","2025-11-21 13:00:00.000000 UTC","2025-11-21 13:05:00.000000 UTC"
"TechPark","40.36818181818182","1234","0.7054545454545454","CRITICAL","2025-11-21 10:10:00.000000 UTC","2025-11-21 10:15:00.000000 UTC"
"TechPark","38.50588235294118","860","0.6452941176470588","NORMAL","2025-11-21 13:00:00.000000 UTC","2025-11-21 13:05:00.000000 UTC"
"AirportRoad","38.622222222222234","1174","0.6111111111111112","NORMAL","2025-11-21 10:50:00.000000 UTC","2025-11-21 10:55:00.000000 UTC"
"AirportRoad","40.1","1459","0.6054545454545455","NORMAL","2025-11-21 12:25:00.000000 UTC","2025-11-21 12:30:00.000000 UTC"
"MallRoad","41.376000000000005","990","0.7308","CRITICAL","2025-11-21 11:15:00.000000 UTC","2025-11-21 11:20:00.000000 UTC"
"AirportRoad","40.026315789473685","904","0.5584210526315788","NORMAL","2025-11-21 10:35:00.000000 UTC","2025-11-21 10:40:00.000000 UTC"
"RingRoad","41.355555555555554","1016","0.6361111111111112","NORMAL","2025-11-21 12:20:00.000000 UTC","2025-11-21 12:25:00.000000 UTC"
"TechPark","41.54","1204","0.5596000000000001","NORMAL","2025-11-21 10:50:00.000000 UTC","2025-11-21 10:55:00.000000 UTC"
"AirportRoad","36.864285714285714","507","0.5771428571428572","NORMAL","2025-11-21 11:55:00.000000 UTC","2025-11-21 12:00:00.000000 UTC"
"MallRoad","39.46875","724","0.6506249999999999","NORMAL","2025-11-21 10:35:00.000000 UTC","2025-11-21 10:40:00.000000 UTC"
"AirportRoad","41.90434782608695","966","0.5865217391304348","NORMAL","2025-11-21 12:15:00.000000 UTC","2025-11-21 12:20:00.000000 UTC"
"MallRoad","40.49374999999999","899","0.6487499999999999","NORMAL","2025-11-21 11:50:00.000000 UTC","2025-11-21 11:55:00.000000 UTC"
"RingRoad","38.7875","1061","0.5629166666666667","NORMAL","2025-11-21 09:05:00.000000 UTC","2025-11-21 09:10:00.000000 UTC"
"TechPark","38.69615384615385","1163","0.6042307692307693","NORMAL","2025-11-21 09:55:00.000000 UTC","2025-11-21 10:00:00.000000 UTC"
"AirportRoad","41.89375","777","0.6968749999999999","NORMAL","2025-11-21 11:15:00.000000 UTC","2025-11-21 11:20:00.000000 UTC"
"TechPark","34.99545454545454","809","0.579090909090909","NORMAL","2025-11-21 10:20:00.000000 UTC","2025-11-21 10:25:00.000000 UTC"
"RingRoad","39.4","936","0.7341176470588235","CRITICAL","2025-11-21 10:35:00.000000 UTC","2025-11-21 10:40:00.000000 UTC"
"Downtown","29.65","5","0.625","NORMAL","2025-11-21 09:00:00.000000 UTC","2025-11-21 09:05:00.000000 UTC"
"TechPark","44.77333333333333","738","0.6366666666666667","NORMAL","2025-11-21 11:55:00.000000 UTC","2025-11-21 12:00:00.000000 UTC"
"TechPark","43.857142857142854","921","0.6995238095238095","NORMAL","2025-11-21 09:05:00.000000 UTC","2025-11-21 09:10:00.000000 UTC"
"MallRoad","36.07272727272727","1279","0.56","NORMAL","2025-11-21 09:50:00.000000 UTC","2025-11-21 09:55:00.000000 UTC"
"AirportRoad","42.86296296296296","1431","0.6699999999999998","NORMAL","2025-11-21 09:40:00.000000 UTC","2025-11-21 09:45:00.000000 UTC"
"TechPark","41.489285714285714","1694","0.6546428571428572","NORMAL","2025-11-21 11:50:00.000000 UTC","2025-11-21 11:55:00.000000 UTC"
"MallRoad","40.959999999999994","1406","0.6713333333333332","NORMAL","2025-11-21 11:45:00.000000 UTC","2025-11-21 11:50:00.000000 UTC"
"RingRoad","38.61363636363637","1202","0.5845454545454546","NORMAL","2025-11-21 11:45:00.000000 UTC","2025-11-21 11:50:00.000000 UTC"
"RingRoad","37.95","1337","0.5345833333333334","NORMAL","2025-11-21 12:25:00.000000 UTC","2025-11-21 12:30:00.000000 UTC"
"TechPark","39.14545454545455","1260","0.6695454545454544","NORMAL","2025-11-21 10:00:00.000000 UTC","2025-11-21 10:05:00.000000 UTC"
"Downtown","40.065217391304344","1072","0.6704347826086957","NORMAL","2025-11-21 10:25:00.000000 UTC","2025-11-21 10:30:00.000000 UTC"
"RingRoad","41.95333333333333","1576","0.6153333333333333","NORMAL","2025-11-21 12:45:00.000000 UTC","2025-11-21 12:50:00.000000 UTC"
"RingRoad","35.40909090909091","506","0.5790909090909091","NORMAL","2025-11-21 10:05:00.000000 UTC","2025-11-21 10:10:00.000000 UTC"
"MallRoad","38.50909090909091","971","0.6863636363636364","NORMAL","2025-11-21 10:05:00.000000 UTC","2025-11-21 10:10:00.000000 UTC"
"AirportRoad","38.605000000000004","982","0.6635","NORMAL","2025-11-21 09:50:00.000000 UTC","2025-11-21 09:55:00.000000 UTC"
"RingRoad","40.81578947368421","715","0.5963157894736842","NORMAL","2025-11-21 09:35:00.000000 UTC","2025-11-21 09:40:00.000000 UTC"
"RingRoad","40.31481481481482","1240","0.6470370370370373","NORMAL","2025-11-21 10:55:00.000000 UTC","2025-11-21 11:00:00.000000 UTC"
"Downtown","40.144","936","0.6003999999999999","NORMAL","2025-11-21 09:20:00.000000 UTC","2025-11-21 09:25:00.000000 UTC"
"Downtown","39.99444444444445","1089","0.5577777777777777","NORMAL","2025-11-21 09:50:00.000000 UTC","2025-11-21 09:55:00.000000 UTC"
"TechPark","39.67727272727273","975","0.6359090909090909","NORMAL","2025-11-21 09:20:00.000000 UTC","2025-11-21 09:25:00.000000 UTC"
"MallRoad","43.42727272727273","1079","0.5986363636363636","NORMAL","2025-11-21 09:40:00.000000 UTC","2025-11-21 09:45:00.000000 UTC"
"Downtown","38.50588235294118","822","0.5823529411764706","NORMAL","2025-11-21 09:45:00.000000 UTC","2025-11-21 09:50:00.000000 UTC"
"RingRoad","40.0076923076923","731","0.59","NORMAL","2025-11-21 12:10:00.000000 UTC","2025-11-21 12:15:00.000000 UTC"
"AirportRoad","38.321739130434786","998","0.6017391304347826","NORMAL","2025-11-21 09:45:00.000000 UTC","2025-11-21 09:50:00.000000 UTC"
"AirportRoad","40.84444444444445","970","0.6105555555555555","NORMAL","2025-11-21 09:55:00.000000 UTC","2025-11-21 10:00:00.000000 UTC"
"Downtown","36.11739130434783","963","0.5834782608695652","NORMAL","2025-11-21 11:45:00.000000 UTC","2025-11-21 11:50:00.000000 UTC"
"RingRoad","38.91250000000001","800","0.6737500000000001","NORMAL","2025-11-21 12:55:00.000000 UTC","2025-11-21 13:00:00.000000 UTC"
"RingRoad","40.73181818181818","1087","0.6236363636363637","NORMAL","2025-11-21 10:10:00.000000 UTC","2025-11-21 10:15:00.000000 UTC"
"AirportRoad","38.34444444444444","1451","0.6974074074074074","NORMAL","2025-11-21 09:10:00.000000 UTC","2025-11-21 09:15:00.000000 UTC"
"AirportRoad","37.69375","916","0.646875","NORMAL","2025-11-21 11:35:00.000000 UTC","2025-11-21 11:40:00.000000 UTC"
"MallRoad","39.55652173913043","1182","0.6756521739130436","NORMAL","2025-11-21 12:40:00.000000 UTC","2025-11-21 12:45:00.000000 UTC"
"AirportRoad","35.0","577","0.5992307692307692","NORMAL","2025-11-21 12:20:00.000000 UTC","2025-11-21 12:25:00.000000 UTC"
"MallRoad","39.32","1080","0.7075","CRITICAL","2025-11-21 11:00:00.000000 UTC","2025-11-21 11:05:00.000000 UTC"
"RingRoad","42.74782608695652","916","0.6295652173913043","NORMAL","2025-11-21 12:40:00.000000 UTC","2025-11-21 12:45:00.000000 UTC"
"RingRoad","40.292","1171","0.6852000000000001","NORMAL","2025-11-21 11:25:00.000000 UTC","2025-11-21 11:30:00.000000 UTC"
"Downtown","42.3952380952381","916","0.5457142857142857","NORMAL","2025-11-21 10:50:00.000000 UTC","2025-11-21 10:55:00.000000 UTC"
"Downtown","42.68636363636364","1121","0.6186363636363637","NORMAL","2025-11-21 09:40:00.000000 UTC","2025-11-21 09:45:00.000000 UTC"
"TechPark","39.21875","742","0.68125","NORMAL","2025-11-21 12:10:00.000000 UTC","2025-11-21 12:15:00.000000 UTC"
"Downtown","39.77142857142858","1039","0.6409523809523808","NORMAL","2025-11-21 12:25:00.000000 UTC","2025-11-21 12:30:00.000000 UTC"
"Downtown","36.83500000000001","1024","0.6545","NORMAL","2025-11-21 09:35:00.000000 UTC","2025-11-21 09:40:00.000000 UTC"
"TechPark","44.040000000000006","966","0.722","CRITICAL","2025-11-21 12:25:00.000000 UTC","2025-11-21 12:30:00.000000 UTC"
"AirportRoad","36.00714285714285","698","0.5914285714285714","NORMAL","2025-11-21 13:00:00.000000 UTC","2025-11-21 13:05:00.000000 UTC"
"RingRoad","41.85652173913043","1364","0.6269565217391304","NORMAL","2025-11-21 09:40:00.000000 UTC","2025-11-21 09:45:00.000000 UTC"
"Downtown","41.07058823529412","832","0.6329411764705883","NORMAL","2025-11-21 11:05:00.000000 UTC","2025-11-21 11:10:00.000000 UTC"
"MallRoad","43.10769230769232","1446","0.6257692307692307","NORMAL","2025-11-21 09:25:00.000000 UTC","2025-11-21 09:30:00.000000 UTC"
"RingRoad","39.55","1014","0.531","NORMAL","2025-11-21 09:10:00.000000 UTC","2025-11-21 09:15:00.000000 UTC"
"MallRoad","39.24090909090909","1158","0.6709090909090908","NORMAL","2025-11-21 10:55:00.000000 UTC","2025-11-21 11:00:00.000000 UTC"
"TechPark","30.246666666666666","656","0.6493333333333332","NORMAL","2025-11-21 10:55:00.000000 UTC","2025-11-21 11:00:00.000000 UTC"
"AirportRoad","42.525","1387","0.6595833333333333","NORMAL","2025-11-21 10:40:00.000000 UTC","2025-11-21 10:45:00.000000 UTC"
"MallRoad","40.236","1419","0.6052","NORMAL","2025-11-21 12:15:00.000000 UTC","2025-11-21 12:20:00.000000 UTC"
"Downtown","40.035","1123","0.6595","NORMAL","2025-11-21 12:00:00.000000 UTC","2025-11-21 12:05:00.000000 UTC"
"TechPark","42.12499999999999","1217","0.5784999999999999","NORMAL","2025-11-21 10:25:00.000000 UTC","2025-11-21 10:30:00.000000 UTC"
"RingRoad","40.306250000000006","1883","0.6175000000000002","NORMAL","2025-11-21 11:15:00.000000 UTC","2025-11-21 11:20:00.000000 UTC"
"TechPark","39.614285714285714","1362","0.5817857142857142","NORMAL","2025-11-21 12:15:00.000000 UTC","2025-11-21 12:20:00.000000 UTC"
"Downtown","37.55789473684211","806","0.7094736842105265","CRITICAL","2025-11-21 09:05:00.000000 UTC","2025-11-21 09:10:00.000000 UTC"
"RingRoad","40.44761904761905","1059","0.5738095238095238","NORMAL","2025-11-21 09:55:00.000000 UTC","2025-11-21 10:00:00.000000 UTC"
"Downtown","37.20434782608696","1245","0.6882608695652174","NORMAL","2025-11-21 12:30:00.000000 UTC","2025-11-21 12:35:00.000000 UTC"
"RingRoad","38.917391304347824","1233","0.6252173913043478","NORMAL","2025-11-21 11:30:00.000000 UTC","2025-11-21 11:35:00.000000 UTC"
"AirportRoad","39.816","1153","0.6271999999999999","NORMAL","2025-11-21 10:10:00.000000 UTC","2025-11-21 10:15:00.000000 UTC"
"Downtown","38.41052631578947","962","0.7005263157894737","CRITICAL","2025-11-21 11:35:00.000000 UTC","2025-11-21 11:40:00.000000 UTC"
"TechPark","37.87500000000001","806","0.56625","NORMAL","2025-11-21 11:20:00.000000 UTC","2025-11-21 11:25:00.000000 UTC"
"Downtown","39.090476190476195","920","0.6233333333333333","NORMAL","2025-11-21 10:45:00.000000 UTC","2025-11-21 10:50:00.000000 UTC"
"Downtown","40.74166666666667","1044","0.5662499999999999","NORMAL","2025-11-21 11:20:00.000000 UTC","2025-11-21 11:25:00.000000 UTC"
"AirportRoad","37.41153846153847","1245","0.5565384615384615","NORMAL","2025-11-21 12:35:00.000000 UTC","2025-11-21 12:40:00.000000 UTC"
"RingRoad","38.05","903","0.658888888888889","NORMAL","2025-11-21 12:05:00.000000 UTC","2025-11-21 12:10:00.000000 UTC"
"Downtown","35.72105263157894","927","0.6810526315789475","NORMAL","2025-11-21 09:25:00.000000 UTC","2025-11-21 09:30:00.000000 UTC"
"TechPark","34.881818181818176","1099","0.6836363636363637","NORMAL","2025-11-21 09:35:00.000000 UTC","2025-11-21 09:40:00.000000 UTC"
"TechPark","41.368","1287","0.6691999999999999","NORMAL","2025-11-21 12:55:00.000000 UTC","2025-11-21 13:00:00.000000 UTC"
"AirportRoad","37.352000000000004","1361","0.5828","NORMAL","2025-11-21 11:40:00.000000 UTC","2025-11-21 11:45:00.000000 UTC"
"AirportRoad","35.945454545454545","1142","0.6636363636363636","NORMAL","2025-11-21 10:30:00.000000 UTC","2025-11-21 10:35:00.000000 UTC"
"Downtown","37.388","1220","0.6596000000000001","NORMAL","2025-11-21 10:00:00.000000 UTC","2025-11-21 10:05:00.000000 UTC"
"Downtown","36.04736842105263","1103","0.6194736842105264","NORMAL","2025-11-21 12:40:00.000000 UTC","2025-11-21 12:45:00.000000 UTC"
"RingRoad","44.95","106","0.7675000000000001","CRITICAL","2025-11-21 09:00:00.000000 UTC","2025-11-21 09:05:00.000000 UTC"
"AirportRoad","40.43214285714286","1518","0.5732142857142858","NORMAL","2025-11-21 12:05:00.000000 UTC","2025-11-21 12:10:00.000000 UTC"
"AirportRoad","40.265","1165","0.6695","NORMAL","2025-11-21 09:20:00.000000 UTC","2025-11-21 09:25:00.000000 UTC"
"AirportRoad","42.055","1065","0.6715","NORMAL","2025-11-21 12:45:00.000000 UTC","2025-11-21 12:50:00.000000 UTC"
"Downtown","36.057894736842115","1064","0.6805263157894736","NORMAL","2025-11-21 12:45:00.000000 UTC","2025-11-21 12:50:00.000000 UTC"
"MallRoad","35.91666666666667","1192","0.58875","NORMAL","2025-11-21 09:15:00.000000 UTC","2025-11-21 09:20:00.000000 UTC"
"TechPark","43.31739130434783","1053","0.6108695652173914","NORMAL","2025-11-21 12:20:00.000000 UTC","2025-11-21 12:25:00.000000 UTC"
"RingRoad","34.04761904761905","1193","0.6885714285714286","NORMAL","2025-11-21 11:35:00.000000 UTC","2025-11-21 11:40:00.000000 UTC"
"AirportRoad","40.59090909090909","1079","0.6490909090909092","NORMAL","2025-11-21 11:30:00.000000 UTC","2025-11-21 11:35:00.000000 UTC"
"Downtown","37.227272727272734","895","0.5290909090909092","NORMAL","2025-11-21 12:20:00.000000 UTC","2025-11-21 12:25:00.000000 UTC"
"Downtown","43.650000000000006","1347","0.5892307692307692","NORMAL","2025-11-21 11:15:00.000000 UTC","2025-11-21 11:20:00.000000 UTC"
"TechPark","39.048","1358","0.5532","NORMAL","2025-11-21 11:40:00.000000 UTC","2025-11-21 11:45:00.000000 UTC"
"Downtown","38.811764705882354","1010","0.5994117647058824","NORMAL","2025-11-21 10:15:00.000000 UTC","2025-11-21 10:20:00.000000 UTC"
"TechPark","42.91428571428571","1086","0.6242857142857143","NORMAL","2025-11-21 10:40:00.000000 UTC","2025-11-21 10:45:00.000000 UTC"
"AirportRoad","39.04705882352941","851","0.6341176470588235","NORMAL","2025-11-21 12:00:00.000000 UTC","2025-11-21 12:05:00.000000 UTC"
"MallRoad","35.120000000000005","969","0.634","NORMAL","2025-11-21 10:20:00.000000 UTC","2025-11-21 10:25:00.000000 UTC"
"RingRoad","39.3952380952381","983","0.6171428571428572","NORMAL","2025-11-21 10:15:00.000000 UTC","2025-11-21 10:20:00.000000 UTC"
"TechPark","40.25238095238095","1027","0.6423809523809524","NORMAL","2025-11-21 11:45:00.000000 UTC","2025-11-21 11:50:00.000000 UTC"
"MallRoad","38.63750000000001","1238","0.6525000000000002","NORMAL","2025-11-21 10:40:00.000000 UTC","2025-11-21 10:45:00.000000 UTC"
"AirportRoad","43.766666666666666","1207","0.6342857142857143","NORMAL","2025-11-21 12:10:00.000000 UTC","2025-11-21 12:15:00.000000 UTC"
"Downtown","43.95","503","0.5583333333333332","NORMAL","2025-11-21 09:15:00.000000 UTC","2025-11-21 09:20:00.000000 UTC"
"AirportRoad","42.767647058823535","1855","0.5964705882352941","NORMAL","2025-11-21 09:30:00.000000 UTC","2025-11-21 09:35:00.000000 UTC"
"Downtown","35.961904761904755","1180","0.6071428571428572","NORMAL","2025-11-21 11:50:00.000000 UTC","2025-11-21 11:55:00.000000 UTC"
"AirportRoad","40.705263157894734","777","0.6463157894736843","NORMAL","2025-11-21 11:20:00.000000 UTC","2025-11-21 11:25:00.000000 UTC"
"RingRoad","45.68999999999999","1085","0.6495","NORMAL","2025-11-21 09:15:00.000000 UTC","2025-11-21 09:20:00.000000 UTC"
"RingRoad","42.225","670","0.7191666666666667","CRITICAL","2025-11-21 12:35:00.000000 UTC","2025-11-21 12:40:00.000000 UTC"
"MallRoad","36.80666666666666","738","0.6113333333333333","NORMAL","2025-11-21 09:35:00.000000 UTC","2025-11-21 09:40:00.000000 UTC"
"MallRoad","38.382352941176464","886","0.6276470588235294","NORMAL","2025-11-21 12:05:00.000000 UTC","2025-11-21 12:10:00.000000 UTC"
"TechPark","42.72083333333333","1178","0.6104166666666667","NORMAL","2025-11-21 11:05:00.000000 UTC","2025-11-21 11:10:00.000000 UTC"
"AirportRoad","41.03636363636363","1286","0.6622727272727272","NORMAL","2025-11-21 11:50:00.000000 UTC","2025-11-21 11:55:00.000000 UTC"
"MallRoad","40.35652173913043","967","0.6547826086956521","NORMAL","2025-11-21 11:20:00.000000 UTC","2025-11-21 11:25:00.000000 UTC"
"TechPark","43.154545454545456","1116","0.5822727272727273","NORMAL","2025-11-21 11:15:00.000000 UTC","2025-11-21 11:20:00.000000 UTC"
"RingRoad","38.881818181818176","1102","0.6354545454545455","NORMAL","2025-11-21 09:20:00.000000 UTC","2025-11-21 09:25:00.000000 UTC"
"Downtown","40.64333333333333","1642","0.587","NORMAL","2025-11-21 10:40:00.000000 UTC","2025-11-21 10:45:00.000000 UTC"
"AirportRoad","42.406666666666666","541","0.6993333333333334","NORMAL","2025-11-21 10:55:00.000000 UTC","2025-11-21 11:00:00.000000 UTC"
"AirportRoad","39.235","873","0.588","NORMAL","2025-11-21 11:45:00.000000 UTC","2025-11-21 11:50:00.000000 UTC"
"Downtown","36.80434782608695","1098","0.6682608695652174","NORMAL","2025-11-21 11:55:00.000000 UTC","2025-11-21 12:00:00.000000 UTC"
"Downtown","39.64545454545455","350","0.6354545454545455","NORMAL","2025-11-21 13:00:00.000000 UTC","2025-11-21 13:05:00.000000 UTC"
"AirportRoad","39.221052631578935","1073","0.6378947368421052","NORMAL","2025-11-21 12:50:00.000000 UTC","2025-11-21 12:55:00.000000 UTC"
"Downtown","41.97777777777779","801","0.5916666666666667","NORMAL","2025-11-21 10:10:00.000000 UTC","2025-11-21 10:15:00.000000 UTC"
"RingRoad","42.763157894736835","1266","0.5257894736842106","NORMAL","2025-11-21 11:55:00.000000 UTC","2025-11-21 12:00:00.000000 UTC"
"Downtown","39.13809523809524","897","0.6566666666666666","NORMAL","2025-11-21 12:35:00.000000 UTC","2025-11-21 12:40:00.000000 UTC"
"TechPark","37.980000000000004","531","0.6146666666666666","NORMAL","2025-11-21 12:30:00.000000 UTC","2025-11-21 12:35:00.000000 UTC"
"Downtown","43.23333333333333","476","0.7124999999999999","CRITICAL","2025-11-21 12:15:00.000000 UTC","2025-11-21 12:20:00.000000 UTC"
"TechPark","38.67142857142858","982","0.6123809523809524","NORMAL","2025-11-21 09:30:00.000000 UTC","2025-11-21 09:35:00.000000 UTC"
"RingRoad","39.991666666666674","1240","0.57625","NORMAL","2025-11-21 12:50:00.000000 UTC","2025-11-21 12:55:00.000000 UTC"
"MallRoad","43.46521739130434","910","0.6395652173913043","NORMAL","2025-11-21 10:00:00.000000 UTC","2025-11-21 10:05:00.000000 UTC"
"MallRoad","39.18333333333333","992","0.6405555555555555","NORMAL","2025-11-21 11:40:00.000000 UTC","2025-11-21 11:45:00.000000 UTC"
"RingRoad","40.995000000000005","923","0.5980000000000001","NORMAL","2025-11-21 12:30:00.000000 UTC","2025-11-21 12:35:00.000000 UTC"
"AirportRoad","48.64375","1002","0.5250000000000001","NORMAL","2025-11-21 12:40:00.000000 UTC","2025-11-21 12:45:00.000000 UTC"
"MallRoad","43.220000000000006","963","0.6653333333333334","NORMAL","2025-11-21 11:35:00.000000 UTC","2025-11-21 11:40:00.000000 UTC"
"TechPark","44.26666666666666","630","0.71","CRITICAL","2025-11-21 09:50:00.000000 UTC","2025-11-21 09:55:00.000000 UTC"
"Downtown","40.404761904761905","1080","0.5876190476190476","NORMAL","2025-11-21 12:55:00.000000 UTC","2025-11-21 13:00:00.000000 UTC"
"TechPark","40.729629629629635","1534","0.7059259259259257","CRITICAL","2025-11-21 10:45:00.000000 UTC","2025-11-21 10:50:00.000000 UTC"
"RingRoad","37.922222222222224","698","0.6799999999999999","NORMAL","2025-11-21 09:50:00.000000 UTC","2025-11-21 09:55:00.000000 UTC"
"AirportRoad","39.62142857142857","750","0.5321428571428573","NORMAL","2025-11-21 10:00:00.000000 UTC","2025-11-21 10:05:00.000000 UTC"
"TechPark","37.894999999999996","1188","0.5645","NORMAL","2025-11-21 12:35:00.000000 UTC","2025-11-21 12:40:00.000000 UTC"
"RingRoad","44.10833333333333","946","0.5995833333333332","NORMAL","2025-11-21 10:30:00.000000 UTC","2025-11-21 10:35:00.000000 UTC"
"MallRoad","43.088888888888896","1184","0.5818518518518518","NORMAL","2025-11-21 12:00:00.000000 UTC","2025-11-21 12:05:00.000000 UTC"
"TechPark","38.12083333333333","1367","0.6616666666666667","NORMAL","2025-11-21 11:25:00.000000 UTC","2025-11-21 11:30:00.000000 UTC"
"AirportRoad","38.68333333333333","1396","0.6333333333333334","NORMAL","2025-11-21 09:35:00.000000 UTC","2025-11-21 09:40:00.000000 UTC"
"AirportRoad","39.74285714285714","1113","0.5685714285714286","NORMAL","2025-11-21 11:05:00.000000 UTC","2025-11-21 11:10:00.000000 UTC"
"TechPark","40.86923076923077","1246","0.5584615384615385","NORMAL","2025-11-21 09:25:00.000000 UTC","2025-11-21 09:30:00.000000 UTC"
"MallRoad","36.43636363636363","465","0.5618181818181818","NORMAL","2025-11-21 09:20:00.000000 UTC","2025-11-21 09:25:00.000000 UTC"
"AirportRoad","40.48333333333333","876","0.5172222222222221","NORMAL","2025-11-21 12:30:00.000000 UTC","2025-11-21 12:35:00.000000 UTC"
"TechPark","37.08965517241379","1792","0.5875862068965517","NORMAL","2025-11-21 09:15:00.000000 UTC","2025-11-21 09:20:00.000000 UTC"
"Downtown","42.857142857142854","595","0.5185714285714286","NORMAL","2025-11-21 11:40:00.000000 UTC","2025-11-21 11:45:00.000000 UTC"
"MallRoad","42.505882352941164","748","0.6176470588235294","NORMAL","2025-11-21 09:45:00.000000 UTC","2025-11-21 09:50:00.000000 UTC"
"RingRoad","39.94615384615384","1366","0.6726923076923076","NORMAL","2025-11-21 10:25:00.000000 UTC","2025-11-21 10:30:00.000000 UTC"
"RingRoad","38.12307692307692","1547","0.556923076923077","NORMAL","2025-11-21 11:10:00.000000 UTC","2025-11-21 11:15:00.000000 UTC"
"MallRoad","40.603703703703694","1417","0.6685185185185185","NORMAL","2025-11-21 10:25:00.000000 UTC","2025-11-21 10:30:00.000000 UTC"
"AirportRoad","37.987500000000004","814","0.6325000000000001","NORMAL","2025-11-21 11:00:00.000000 UTC","2025-11-21 11:05:00.000000 UTC"
"TechPark","37.785185185185185","1158","0.692962962962963","NORMAL","2025-11-21 10:30:00.000000 UTC","2025-11-21 10:35:00.000000 UTC"
"MallRoad","40.688235294117646","871","0.6905882352941175","NORMAL","2025-11-21 10:30:00.000000 UTC","2025-11-21 10:35:00.000000 UTC"
"Downtown","33.26923076923077","1364","0.6184615384615385","NORMAL","2025-11-21 10:30:00.000000 UTC","2025-11-21 10:35:00.000000 UTC"
"Downtown","38.24166666666667","524","0.6716666666666667","NORMAL","2025-11-21 09:30:00.000000 UTC","2025-11-21 09:35:00.000000 UTC"
"TechPark","42.62272727272728","1224","0.5222727272727273","NORMAL","2025-11-21 10:35:00.000000 UTC","2025-11-21 10:40:00.000000 UTC"
"TechPark","36.6037037037037","1360","0.7151851851851851","CRITICAL","2025-11-21 09:40:00.000000 UTC","2025-11-21 09:45:00.000000 UTC"
"AirportRoad","42.535000000000004","1106","0.6245","NORMAL","2025-11-21 12:55:00.000000 UTC","2025-11-21 13:00:00.000000 UTC"
"TechPark","42.40588235294118","789","0.6417647058823529","NORMAL","2025-11-21 12:50:00.000000 UTC","2025-11-21 12:55:00.000000 UTC"
"MallRoad","40.093333333333334","583","0.594","NORMAL","2025-11-21 10:15:00.000000 UTC","2025-11-21 10:20:00.000000 UTC"
"RingRoad","41.594117647058816","1007","0.6141176470588237","NORMAL","2025-11-21 11:05:00.000000 UTC","2025-11-21 11:10:00.000000 UTC"
"MallRoad","40.68888888888889","760","0.665","NORMAL","2025-11-21 12:20:00.000000 UTC","2025-11-21 12:25:00.000000 UTC"
"RingRoad","37.16842105263157","1039","0.5989473684210527","NORMAL","2025-11-21 11:40:00.000000 UTC","2025-11-21 11:45:00.000000 UTC"
"RingRoad","41.0","889","0.6505","NORMAL","2025-11-21 09:45:00.000000 UTC","2025-11-21 09:50:00.000000 UTC"
"AirportRoad","50.32857142857142","404","0.637142857142857","NORMAL","2025-11-21 09:00:00.000000 UTC","2025-11-21 09:05:00.000000 UTC"
"MallRoad","36.9","726","0.6276470588235294","NORMAL","2025-11-21 11:05:00.000000 UTC","2025-11-21 11:10:00.000000 UTC"
"RingRoad","37.28","1104","0.6094999999999999","NORMAL","2025-11-21 10:20:00.000000 UTC","2025-11-21 10:25:00.000000 UTC"
"MallRoad","38.769999999999996","912","0.5705000000000001","NORMAL","2025-11-21 10:10:00.000000 UTC","2025-11-21 10:15:00.000000 UTC"
"AirportRoad","39.13157894736842","1017","0.6057894736842107","NORMAL","2025-11-21 10:15:00.000000 UTC","2025-11-21 10:20:00.000000 UTC"
"Downtown","43.741176470588236","626","0.6105882352941175","NORMAL","2025-11-21 12:05:00.000000 UTC","2025-11-21 12:10:00.000000 UTC"
"AirportRoad","45.80555555555556","782","0.6444444444444444","NORMAL","2025-11-21 10:25:00.000000 UTC","2025-11-21 10:30:00.000000 UTC"
"AirportRoad","37.3125","824","0.6581250000000001","NORMAL","2025-11-21 10:20:00.000000 UTC","2025-11-21 10:25:00.000000 UTC"
"TechPark","42.082352941176474","802","0.6605882352941178","NORMAL","2025-11-21 09:10:00.000000 UTC","2025-11-21 09:15:00.000000 UTC"
"Downtown","43.085","1188","0.605","NORMAL","2025-11-21 11:30:00.000000 UTC","2025-11-21 11:35:00.000000 UTC"
"TechPark","38.787499999999994","724","0.6499999999999999","NORMAL","2025-11-21 12:05:00.000000 UTC","2025-11-21 12:10:00.000000 UTC"
"TechPark","41.4","1106","0.6152631578947368","NORMAL","2025-11-21 12:45:00.000000 UTC","2025-11-21 12:50:00.000000 UTC"
"RingRoad","40.23809523809524","774","0.6638095238095238","NORMAL","2025-11-21 10:50:00.000000 UTC","2025-11-21 10:55:00.000000 UTC"
"TechPark","36.06","219","0.596","NORMAL","2025-11-21 09:00:00.000000 UTC","2025-11-21 09:05:00.000000 UTC"
"AirportRoad","40.385","1125","0.6130000000000001","NORMAL","2025-11-21 09:25:00.000000 UTC","2025-11-21 09:30:00.000000 UTC"
"Downtown","41.78095238095238","903","0.6371428571428571","NORMAL","2025-11-22 05:20:00.000000 UTC","2025-11-22 05:25:00.000000 UTC"
"Downtown","33.55555555555555","1320","0.6399999999999998","NORMAL","2025-11-22 05:50:00.000000 UTC","2025-11-22 05:55:00.000000 UTC"
"RingRoad","40.50476190476189","1091","0.6028571428571428","NORMAL","2025-11-22 04:25:00.000000 UTC","2025-11-22 04:30:00.000000 UTC"
"AirportRoad","38.959374999999994","1400","0.646875","NORMAL","2025-11-22 06:10:00.000000 UTC","2025-11-22 06:15:00.000000 UTC"
"TechPark","41.461111111111116","789","0.6416666666666666","NORMAL","2025-11-22 06:00:00.000000 UTC","2025-11-22 06:05:00.000000 UTC"
"MallRoad","41.304545454545455","918","0.6145454545454547","NORMAL","2025-11-22 07:05:00.000000 UTC","2025-11-22 07:10:00.000000 UTC"
"Downtown","41.66800000000001","1073","0.6356","NORMAL","2025-11-22 05:25:00.000000 UTC","2025-11-22 05:30:00.000000 UTC"
"AirportRoad","47.457142857142856","608","0.5971428571428571","NORMAL","2025-11-22 07:55:00.000000 UTC","2025-11-22 08:00:00.000000 UTC"
"RingRoad","37.715384615384615","1683","0.6666666666666666","NORMAL","2025-11-22 07:00:00.000000 UTC","2025-11-22 07:05:00.000000 UTC"
"TechPark","36.52307692307692","1516","0.6738461538461539","NORMAL","2025-11-22 07:05:00.000000 UTC","2025-11-22 07:10:00.000000 UTC"
"MallRoad","42.47391304347826","1250","0.6326086956521739","NORMAL","2025-11-22 05:05:00.000000 UTC","2025-11-22 05:10:00.000000 UTC"
"MallRoad","43.25384615384615","1440","0.6492307692307692","NORMAL","2025-11-22 05:40:00.000000 UTC","2025-11-22 05:45:00.000000 UTC"
"TechPark","38.93703703703704","1419","0.6233333333333333","NORMAL","2025-11-22 05:35:00.000000 UTC","2025-11-22 05:40:00.000000 UTC"
"Downtown","36.95416666666667","1282","0.6404166666666667","NORMAL","2025-11-22 05:05:00.000000 UTC","2025-11-22 05:10:00.000000 UTC"
"TechPark","39.11578947368421","1164","0.6152631578947367","NORMAL","2025-11-22 06:50:00.000000 UTC","2025-11-22 06:55:00.000000 UTC"
"RingRoad","43.79545454545455","1264","0.7004545454545454","CRITICAL","2025-11-22 05:45:00.000000 UTC","2025-11-22 05:50:00.000000 UTC"
"MallRoad","38.25769230769231","1199","0.6365384615384617","NORMAL","2025-11-22 06:15:00.000000 UTC","2025-11-22 06:20:00.000000 UTC"
"Downtown","42.16","734","0.6386666666666667","NORMAL","2025-11-22 04:30:00.000000 UTC","2025-11-22 04:35:00.000000 UTC"
"AirportRoad","39.38181818181818","1012","0.6563636363636363","NORMAL","2025-11-22 08:15:00.000000 UTC","2025-11-22 08:20:00.000000 UTC"
"AirportRoad","36.75833333333333","1359","0.6437499999999999","NORMAL","2025-11-22 04:20:00.000000 UTC","2025-11-22 04:25:00.000000 UTC"
"Downtown","40.74761904761905","932","0.5952380952380951","NORMAL","2025-11-22 05:10:00.000000 UTC","2025-11-22 05:15:00.000000 UTC"
"MallRoad","40.31428571428572","1279","0.5495238095238095","NORMAL","2025-11-22 05:15:00.000000 UTC","2025-11-22 05:20:00.000000 UTC"
"RingRoad","41.22","1179","0.5999999999999999","NORMAL","2025-11-22 06:40:00.000000 UTC","2025-11-22 06:45:00.000000 UTC"
"TechPark","42.525925925925925","1488","0.6311111111111112","NORMAL","2025-11-22 06:20:00.000000 UTC","2025-11-22 06:25:00.000000 UTC"
"TechPark","43.25","592","0.6125","NORMAL","2025-11-22 06:35:00.000000 UTC","2025-11-22 06:40:00.000000 UTC"
"RingRoad","39.51153846153846","1282","0.6607692307692308","NORMAL","2025-11-22 07:15:00.000000 UTC","2025-11-22 07:20:00.000000 UTC"
"MallRoad","40.02857142857143","1053","0.6595238095238094","NORMAL","2025-11-22 08:00:00.000000 UTC","2025-11-22 08:05:00.000000 UTC"
"Downtown","35.400000000000006","829","0.6994117647058824","NORMAL","2025-11-22 06:00:00.000000 UTC","2025-11-22 06:05:00.000000 UTC"
"MallRoad","42.5076923076923","662","0.5446153846153846","NORMAL","2025-11-22 07:00:00.000000 UTC","2025-11-22 07:05:00.000000 UTC"
"MallRoad","35.72105263157895","745","0.6463157894736843","NORMAL","2025-11-22 05:50:00.000000 UTC","2025-11-22 05:55:00.000000 UTC"
"MallRoad","41.19000000000001","1023","0.624","NORMAL","2025-11-22 07:10:00.000000 UTC","2025-11-22 07:15:00.000000 UTC"
"Downtown","37.729629629629635","1345","0.6207407407407408","NORMAL","2025-11-22 07:55:00.000000 UTC","2025-11-22 08:00:00.000000 UTC"
"TechPark","39.20869565217391","1005","0.596086956521739","NORMAL","2025-11-22 08:00:00.000000 UTC","2025-11-22 08:05:00.000000 UTC"
"Downtown","38.79655172413793","1190","0.6365517241379309","NORMAL","2025-11-22 04:40:00.000000 UTC","2025-11-22 04:45:00.000000 UTC"
"TechPark","40.6290322580645","1469","0.5480645161290322","NORMAL","2025-11-22 04:55:00.000000 UTC","2025-11-22 05:00:00.000000 UTC"
"MallRoad","41.03125","754","0.689375","NORMAL","2025-11-22 05:25:00.000000 UTC","2025-11-22 05:30:00.000000 UTC"
"TechPark","37.30869565217392","1055","0.596086956521739","NORMAL","2025-11-22 05:40:00.000000 UTC","2025-11-22 05:45:00.000000 UTC"
"AirportRoad","39.02000000000001","981","0.5530000000000002","NORMAL","2025-11-22 07:25:00.000000 UTC","2025-11-22 07:30:00.000000 UTC"
"Downtown","38.22592592592592","1240","0.6151851851851853","NORMAL","2025-11-22 07:15:00.000000 UTC","2025-11-22 07:20:00.000000 UTC"
"TechPark","39.11304347826086","917","0.6291304347826088","NORMAL","2025-11-22 04:20:00.000000 UTC","2025-11-22 04:25:00.000000 UTC"
"RingRoad","38.968","1388","0.6407999999999998","NORMAL","2025-11-22 04:45:00.000000 UTC","2025-11-22 04:50:00.000000 UTC"
"AirportRoad","42.49999999999999","919","0.5026666666666667","NORMAL","2025-11-22 04:40:00.000000 UTC","2025-11-22 04:45:00.000000 UTC"
"TechPark","44.11428571428572","1412","0.6507142857142857","NORMAL","2025-11-22 04:35:00.000000 UTC","2025-11-22 04:40:00.000000 UTC"
"TechPark","38.74117647058823","801","0.6023529411764706","NORMAL","2025-11-22 04:25:00.000000 UTC","2025-11-22 04:30:00.000000 UTC"
"MallRoad","36.14090909090909","952","0.610909090909091","NORMAL","2025-11-22 05:20:00.000000 UTC","2025-11-22 05:25:00.000000 UTC"
"MallRoad","38.80434782608695","1191","0.5547826086956522","NORMAL","2025-11-22 06:45:00.000000 UTC","2025-11-22 06:50:00.000000 UTC"
"Downtown","42.16875","775","0.693125","NORMAL","2025-11-22 05:30:00.000000 UTC","2025-11-22 05:35:00.000000 UTC"
"TechPark","40.879999999999995","1446","0.6823333333333333","NORMAL","2025-11-22 05:30:00.000000 UTC","2025-11-22 05:35:00.000000 UTC"
"MallRoad","34.91764705882354","893","0.6005882352941176","NORMAL","2025-11-22 08:05:00.000000 UTC","2025-11-22 08:10:00.000000 UTC"
"TechPark","40.81875","670","0.6287499999999999","NORMAL","2025-11-22 06:25:00.000000 UTC","2025-11-22 06:30:00.000000 UTC"
"RingRoad","42.88","824","0.7015","CRITICAL","2025-11-22 05:25:00.000000 UTC","2025-11-22 05:30:00.000000 UTC"
"AirportRoad","43.7","64","0.34","NORMAL","2025-11-22 04:15:00.000000 UTC","2025-11-22 04:20:00.000000 UTC"
"RingRoad","41.59374999999999","979","0.6506250000000001","NORMAL","2025-11-22 04:30:00.000000 UTC","2025-11-22 04:35:00.000000 UTC"
"MallRoad","38.35555555555556","914","0.6388888888888888","NORMAL","2025-11-22 06:00:00.000000 UTC","2025-11-22 06:05:00.000000 UTC"
"TechPark","39.94761904761905","935","0.6142857142857142","NORMAL","2025-11-22 06:55:00.000000 UTC","2025-11-22 07:00:00.000000 UTC"
"Downtown","43.65263157894738","1144","0.6384210526315789","NORMAL","2025-11-22 07:30:00.000000 UTC","2025-11-22 07:35:00.000000 UTC"
"MallRoad","42.457142857142856","1129","0.5842857142857143","NORMAL","2025-11-22 06:25:00.000000 UTC","2025-11-22 06:30:00.000000 UTC"
"RingRoad","41.143478260869564","1244","0.6665217391304348","NORMAL","2025-11-22 06:25:00.000000 UTC","2025-11-22 06:30:00.000000 UTC"
"AirportRoad","36.75500000000001","1164","0.6910000000000001","NORMAL","2025-11-22 07:30:00.000000 UTC","2025-11-22 07:35:00.000000 UTC"
"MallRoad","43.28695652173913","1134","0.521304347826087","NORMAL","2025-11-22 07:15:00.000000 UTC","2025-11-22 07:20:00.000000 UTC"
"RingRoad","37.27058823529412","738","0.6582352941176471","NORMAL","2025-11-22 06:20:00.000000 UTC","2025-11-22 06:25:00.000000 UTC"
"RingRoad","42.31666666666667","1293","0.6237499999999999","NORMAL","2025-11-22 06:45:00.000000 UTC","2025-11-22 06:50:00.000000 UTC"
"RingRoad","41.97272727272727","1776","0.6278787878787879","NORMAL","2025-11-22 08:10:00.000000 UTC","2025-11-22 08:15:00.000000 UTC"
"TechPark","42.03076923076924","1290","0.6399999999999999","NORMAL","2025-11-22 04:40:00.000000 UTC","2025-11-22 04:45:00.000000 UTC"
"RingRoad","39.10909090909091","873","0.6313636363636365","NORMAL","2025-11-22 07:10:00.000000 UTC","2025-11-22 07:15:00.000000 UTC"
"AirportRoad","40.3952380952381","998","0.7323809523809525","CRITICAL","2025-11-22 06:50:00.000000 UTC","2025-11-22 06:55:00.000000 UTC"
"TechPark","37.981249999999996","727","0.5793749999999999","NORMAL","2025-11-22 06:10:00.000000 UTC","2025-11-22 06:15:00.000000 UTC"
"RingRoad","38.018750000000004","674","0.620625","NORMAL","2025-11-22 07:35:00.000000 UTC","2025-11-22 07:40:00.000000 UTC"
"RingRoad","39.80526315789475","890","0.6878947368421052","NORMAL","2025-11-22 05:35:00.000000 UTC","2025-11-22 05:40:00.000000 UTC"
"RingRoad","39.24210526315791","695","0.5647368421052632","NORMAL","2025-11-22 06:00:00.000000 UTC","2025-11-22 06:05:00.000000 UTC"
"AirportRoad","41.047999999999995","1267","0.6116","NORMAL","2025-11-22 04:25:00.000000 UTC","2025-11-22 04:30:00.000000 UTC"
"AirportRoad","41.08","1071","0.6785","NORMAL","2025-11-22 04:50:00.000000 UTC","2025-11-22 04:55:00.000000 UTC"
"Downtown","45.273684210526326","947","0.5694736842105262","NORMAL","2025-11-22 08:05:00.000000 UTC","2025-11-22 08:10:00.000000 UTC"
"Downtown","46.940000000000005","808","0.7859999999999999","CRITICAL","2025-11-22 06:25:00.000000 UTC","2025-11-22 06:30:00.000000 UTC"
"Downtown","41.68076923076923","1411","0.6076923076923079","NORMAL","2025-11-22 06:15:00.000000 UTC","2025-11-22 06:20:00.000000 UTC"
"AirportRoad","39.56500000000001","971","0.606","NORMAL","2025-11-22 05:20:00.000000 UTC","2025-11-22 05:25:00.000000 UTC"
"Downtown","37.04615384615385","1358","0.6919230769230769","NORMAL","2025-11-22 06:40:00.000000 UTC","2025-11-22 06:45:00.000000 UTC"
"TechPark","42.48947368421052","918","0.6536842105263159","NORMAL","2025-11-22 07:25:00.000000 UTC","2025-11-22 07:30:00.000000 UTC"
"RingRoad","41.71200000000001","1012","0.5760000000000001","NORMAL","2025-11-22 08:05:00.000000 UTC","2025-11-22 08:10:00.000000 UTC"
"Downtown","39.34117647058823","707","0.6958823529411765","NORMAL","2025-11-22 04:20:00.000000 UTC","2025-11-22 04:25:00.000000 UTC"
"MallRoad","38.17","899","0.6704999999999999","NORMAL","2025-11-22 07:40:00.000000 UTC","2025-11-22 07:45:00.000000 UTC"
"Downtown","40.63157894736842","658","0.6447368421052632","NORMAL","2025-11-22 07:00:00.000000 UTC","2025-11-22 07:05:00.000000 UTC"
"AirportRoad","35.88","528","0.712","CRITICAL","2025-11-22 06:35:00.000000 UTC","2025-11-22 06:40:00.000000 UTC"
"AirportRoad","40.76774193548387","1422","0.5912903225806451","NORMAL","2025-11-22 06:20:00.000000 UTC","2025-11-22 06:25:00.000000 UTC"
"AirportRoad","37.839999999999996","867","0.5700000000000001","NORMAL","2025-11-22 06:40:00.000000 UTC","2025-11-22 06:45:00.000000 UTC"
"MallRoad","38.857692307692304","1294","0.5976923076923077","NORMAL","2025-11-22 04:45:00.000000 UTC","2025-11-22 04:50:00.000000 UTC"
"MallRoad","38.84285714285714","1062","0.5633333333333332","NORMAL","2025-11-22 05:00:00.000000 UTC","2025-11-22 05:05:00.000000 UTC"
"AirportRoad","38.13913043478261","1074","0.6169565217391305","NORMAL","2025-11-22 06:30:00.000000 UTC","2025-11-22 06:35:00.000000 UTC"
"Downtown","38.97777777777778","1308","0.6751851851851852","NORMAL","2025-11-22 07:05:00.000000 UTC","2025-11-22 07:10:00.000000 UTC"
"AirportRoad","39.154545454545456","1179","0.6699999999999999","NORMAL","2025-11-22 06:05:00.000000 UTC","2025-11-22 06:10:00.000000 UTC"
"Downtown","39.74583333333333","1136","0.67375","NORMAL","2025-11-22 07:45:00.000000 UTC","2025-11-22 07:50:00.000000 UTC"
"AirportRoad","43.333333333333336","951","0.5894444444444445","NORMAL","2025-11-22 07:40:00.000000 UTC","2025-11-22 07:45:00.000000 UTC"
"MallRoad","36.696000000000005","1463","0.5708","NORMAL","2025-11-22 05:30:00.000000 UTC","2025-11-22 05:35:00.000000 UTC"
"MallRoad","41.5","437","0.5975","NORMAL","2025-11-22 07:20:00.000000 UTC","2025-11-22 07:25:00.000000 UTC"
"TechPark","38.83333333333333","865","0.7000000000000001","CRITICAL","2025-11-22 05:45:00.000000 UTC","2025-11-22 05:50:00.000000 UTC"
"TechPark","40.32916666666667","1093","0.5816666666666667","NORMAL","2025-11-22 08:10:00.000000 UTC","2025-11-22 08:15:00.000000 UTC"
"RingRoad","38.54705882352941","835","0.6188235294117647","NORMAL","2025-11-22 05:40:00.000000 UTC","2025-11-22 05:45:00.000000 UTC"
"Downtown","38.71249999999999","1375","0.6333333333333333","NORMAL","2025-11-22 06:10:00.000000 UTC","2025-11-22 06:15:00.000000 UTC"
"AirportRoad","41.63333333333333","961","0.5077777777777778","NORMAL","2025-11-22 05:35:00.000000 UTC","2025-11-22 05:40:00.000000 UTC"
"AirportRoad","36.66875","816","0.500625","NORMAL","2025-11-22 07:10:00.000000 UTC","2025-11-22 07:15:00.000000 UTC"
"MallRoad","37.775","493","0.725","CRITICAL","2025-11-22 05:45:00.000000 UTC","2025-11-22 05:50:00.000000 UTC"
"RingRoad","41.6","1054","0.6699999999999999","NORMAL","2025-11-22 07:50:00.000000 UTC","2025-11-22 07:55:00.000000 UTC"
"TechPark","45.99333333333333","731","0.6486666666666666","NORMAL","2025-11-22 08:05:00.000000 UTC","2025-11-22 08:10:00.000000 UTC"
"TechPark","40.091666666666676","1142","0.5520833333333334","NORMAL","2025-11-22 06:15:00.000000 UTC","2025-11-22 06:20:00.000000 UTC"
"AirportRoad","38.29999999999999","1205","0.6309523809523808","NORMAL","2025-11-22 04:45:00.000000 UTC","2025-11-22 04:50:00.000000 UTC"
"MallRoad","40.44090909090908","1127","0.5736363636363637","NORMAL","2025-11-22 06:30:00.000000 UTC","2025-11-22 06:35:00.000000 UTC"
"MallRoad","35.18333333333333","592","0.6591666666666668","NORMAL","2025-11-22 08:10:00.000000 UTC","2025-11-22 08:15:00.000000 UTC"
"RingRoad","38.24571428571429","2116","0.6888571428571428","NORMAL","2025-11-22 05:50:00.000000 UTC","2025-11-22 05:55:00.000000 UTC"
"AirportRoad","40.221739130434784","1122","0.6343478260869566","NORMAL","2025-11-22 05:00:00.000000 UTC","2025-11-22 05:05:00.000000 UTC"
"TechPark","36.2","943","0.675","NORMAL","2025-11-22 07:55:00.000000 UTC","2025-11-22 08:00:00.000000 UTC"
"MallRoad","40.933333333333344","1460","0.6033333333333334","NORMAL","2025-11-22 07:30:00.000000 UTC","2025-11-22 07:35:00.000000 UTC"
"Downtown","41.555172413793095","1404","0.6955172413793103","NORMAL","2025-11-22 08:15:00.000000 UTC","2025-11-22 08:20:00.000000 UTC"
"AirportRoad","36.085","933","0.579","NORMAL","2025-11-22 04:55:00.000000 UTC","2025-11-22 05:00:00.000000 UTC"
"RingRoad","40.90555555555555","900","0.6766666666666666","NORMAL","2025-11-22 07:55:00.000000 UTC","2025-11-22 08:00:00.000000 UTC"
"TechPark","40.1090909090909","1213","0.5722727272727273","NORMAL","2025-11-22 07:15:00.000000 UTC","2025-11-22 07:20:00.000000 UTC"
"RingRoad","44.5904761904762","998","0.7014285714285714","CRITICAL","2025-11-22 05:05:00.000000 UTC","2025-11-22 05:10:00.000000 UTC"
"AirportRoad","42.70400000000001","1379","0.6248","NORMAL","2025-11-22 08:05:00.000000 UTC","2025-11-22 08:10:00.000000 UTC"
"TechPark","38.92173913043478","1239","0.6904347826086957","NORMAL","2025-11-22 05:25:00.000000 UTC","2025-11-22 05:30:00.000000 UTC"
"TechPark","43.300000000000004","824","0.596875","NORMAL","2025-11-22 06:40:00.000000 UTC","2025-11-22 06:45:00.000000 UTC"
"Downtown","41.145","1116","0.6330000000000001","NORMAL","2025-11-22 05:55:00.000000 UTC","2025-11-22 06:00:00.000000 UTC"
"TechPark","40.19130434782609","933","0.6656521739130435","NORMAL","2025-11-22 05:00:00.000000 UTC","2025-11-22 05:05:00.000000 UTC"
"TechPark","41.64814814814814","1369","0.6155555555555554","NORMAL","2025-11-22 07:10:00.000000 UTC","2025-11-22 07:15:00.000000 UTC"
"MallRoad","38.357894736842105","923","0.5068421052631579","NORMAL","2025-11-22 07:25:00.000000 UTC","2025-11-22 07:30:00.000000 UTC"
"AirportRoad","42.408333333333324","1471","0.6166666666666667","NORMAL","2025-11-22 08:00:00.000000 UTC","2025-11-22 08:05:00.000000 UTC"
"Downtown","36.90416666666667","1142","0.5575","NORMAL","2025-11-22 05:15:00.000000 UTC","2025-11-22 05:20:00.000000 UTC"
"AirportRoad","39.871428571428574","975","0.6571428571428571","NORMAL","2025-11-22 06:25:00.000000 UTC","2025-11-22 06:30:00.000000 UTC"
"TechPark","38.22777777777778","909","0.6483333333333333","NORMAL","2025-11-22 07:45:00.000000 UTC","2025-11-22 07:50:00.000000 UTC"
"MallRoad","41.51153846153846","1346","0.5003846153846154","NORMAL","2025-11-22 06:05:00.000000 UTC","2025-11-22 06:10:00.000000 UTC"
"RingRoad","40.22631578947368","806","0.6457894736842104","NORMAL","2025-11-22 06:50:00.000000 UTC","2025-11-22 06:55:00.000000 UTC"
"RingRoad","36.936","1300","0.6251999999999999","NORMAL","2025-11-22 07:25:00.000000 UTC","2025-11-22 07:30:00.000000 UTC"
"AirportRoad","40.006249999999994","869","0.6199999999999999","NORMAL","2025-11-22 07:05:00.000000 UTC","2025-11-22 07:10:00.000000 UTC"
"Downtown","40.17619047619047","931","0.5595238095238094","NORMAL","2025-11-22 05:00:00.000000 UTC","2025-11-22 05:05:00.000000 UTC"
"RingRoad","36.115","761","0.5385000000000001","NORMAL","2025-11-22 05:30:00.000000 UTC","2025-11-22 05:35:00.000000 UTC"
"Downtown","39.16842105263158","801","0.5763157894736841","NORMAL","2025-11-22 06:50:00.000000 UTC","2025-11-22 06:55:00.000000 UTC"
"Downtown","40.53529411764707","969","0.5952941176470589","NORMAL","2025-11-22 07:50:00.000000 UTC","2025-11-22 07:55:00.000000 UTC"
"AirportRoad","37.036842105263155","935","0.6289473684210527","NORMAL","2025-11-22 05:55:00.000000 UTC","2025-11-22 06:00:00.000000 UTC"
"MallRoad","40.23076923076923","579","0.6369230769230769","NORMAL","2025-11-22 06:10:00.000000 UTC","2025-11-22 06:15:00.000000 UTC"
"TechPark","42.93181818181818","839","0.5877272727272728","NORMAL","2025-11-22 07:30:00.000000 UTC","2025-11-22 07:35:00.000000 UTC"
"RingRoad","39.41304347826087","882","0.68","NORMAL","2025-11-22 07:40:00.000000 UTC","2025-11-22 07:45:00.000000 UTC"
"TechPark","39.407999999999994","1358","0.614","NORMAL","2025-11-22 06:05:00.000000 UTC","2025-11-22 06:10:00.000000 UTC"
"AirportRoad","41.15789473684211","1018","0.5421052631578946","NORMAL","2025-11-22 07:50:00.000000 UTC","2025-11-22 07:55:00.000000 UTC"
"MallRoad","40.59285714285714","700","0.6892857142857143","NORMAL","2025-11-22 05:10:00.000000 UTC","2025-11-22 05:15:00.000000 UTC"
"AirportRoad","45.76","873","0.6535","NORMAL","2025-11-22 05:05:00.000000 UTC","2025-11-22 05:10:00.000000 UTC"
"TechPark","35.35555555555555","1003","0.6733333333333333","NORMAL","2025-11-22 07:00:00.000000 UTC","2025-11-22 07:05:00.000000 UTC"
"RingRoad","43.32608695652174","1121","0.6960869565217392","NORMAL","2025-11-22 04:55:00.000000 UTC","2025-11-22 05:00:00.000000 UTC"
"Downtown","38.07916666666667","1143","0.7120833333333335","CRITICAL","2025-11-22 08:00:00.000000 UTC","2025-11-22 08:05:00.000000 UTC"
"RingRoad","41.74285714285714","1248","0.5928571428571429","NORMAL","2025-11-22 06:30:00.000000 UTC","2025-11-22 06:35:00.000000 UTC"
"TechPark","35.41428571428572","1083","0.6442857142857142","NORMAL","2025-11-22 04:45:00.000000 UTC","2025-11-22 04:50:00.000000 UTC"
"AirportRoad","39.75625","652","0.585625","NORMAL","2025-11-22 05:15:00.000000 UTC","2025-11-22 05:20:00.000000 UTC"
"TechPark","40.26521739130435","1007","0.6591304347826086","NORMAL","2025-11-22 05:20:00.000000 UTC","2025-11-22 05:25:00.000000 UTC"
"RingRoad","34.475","892","0.598125","NORMAL","2025-11-22 04:20:00.000000 UTC","2025-11-22 04:25:00.000000 UTC"
"MallRoad","38.42777777777778","917","0.6405555555555555","NORMAL","2025-11-22 04:25:00.000000 UTC","2025-11-22 04:30:00.000000 UTC"
"MallRoad","40.83","926","0.6655","NORMAL","2025-11-22 05:55:00.000000 UTC","2025-11-22 06:00:00.000000 UTC"
"RingRoad","43.219047619047615","1345","0.6561904761904763","NORMAL","2025-11-22 05:20:00.000000 UTC","2025-11-22 05:25:00.000000 UTC"
"MallRoad","36.47222222222222","934","0.6072222222222223","NORMAL","2025-11-22 06:20:00.000000 UTC","2025-11-22 06:25:00.000000 UTC"
"MallRoad","37.89166666666667","789","0.5933333333333334","NORMAL","2025-11-22 04:35:00.000000 UTC","2025-11-22 04:40:00.000000 UTC"
"AirportRoad","41.90909090909091","1025","0.6027272727272728","NORMAL","2025-11-22 07:45:00.000000 UTC","2025-11-22 07:50:00.000000 UTC"
"TechPark","37.873684210526314","1023","0.6726315789473685","NORMAL","2025-11-22 07:35:00.000000 UTC","2025-11-22 07:40:00.000000 UTC"
"AirportRoad","40.77222222222222","763","0.628888888888889","NORMAL","2025-11-22 06:45:00.000000 UTC","2025-11-22 06:50:00.000000 UTC"
"RingRoad","36.52962962962963","1360","0.6211111111111113","NORMAL","2025-11-22 06:55:00.000000 UTC","2025-11-22 07:00:00.000000 UTC"
"TechPark","40.58","1139","0.5912000000000001","NORMAL","2025-11-22 05:05:00.000000 UTC","2025-11-22 05:10:00.000000 UTC"
"Downtown","42.380769230769225","1369","0.6692307692307694","NORMAL","2025-11-22 05:35:00.000000 UTC","2025-11-22 05:40:00.000000 UTC"
"TechPark","33.9125","880","0.6243749999999999","NORMAL","2025-11-22 05:15:00.000000 UTC","2025-11-22 05:20:00.000000 UTC"
"AirportRoad","40.17826086956522","1076","0.6660869565217393","NORMAL","2025-11-22 05:50:00.000000 UTC","2025-11-22 05:55:00.000000 UTC"
"MallRoad","43.199999999999996","1166","0.591304347826087","NORMAL","2025-11-22 07:45:00.000000 UTC","2025-11-22 07:50:00.000000 UTC"
"RingRoad","42.2764705882353","916","0.6505882352941176","NORMAL","2025-11-22 07:45:00.000000 UTC","2025-11-22 07:50:00.000000 UTC"
"AirportRoad","40.5","1068","0.5831578947368422","NORMAL","2025-11-22 07:20:00.000000 UTC","2025-11-22 07:25:00.000000 UTC"
"RingRoad","39.581250000000004","948","0.6112500000000002","NORMAL","2025-11-22 07:20:00.000000 UTC","2025-11-22 07:25:00.000000 UTC"
"MallRoad","40.93913043478261","1204","0.62","NORMAL","2025-11-22 04:30:00.000000 UTC","2025-11-22 04:35:00.000000 UTC"
"Downtown","44.99285714285714","580","0.6392857142857143","NORMAL","2025-11-22 04:55:00.000000 UTC","2025-11-22 05:00:00.000000 UTC"
"AirportRoad","42.165000000000006","1148","0.6904999999999999","NORMAL","2025-11-22 05:45:00.000000 UTC","2025-11-22 05:50:00.000000 UTC"
"Downtown","40.304761904761904","1030","0.4999999999999999","NORMAL","2025-11-22 07:40:00.000000 UTC","2025-11-22 07:45:00.000000 UTC"
"TechPark","36.51428571428572","877","0.5780952380952383","NORMAL","2025-11-22 05:10:00.000000 UTC","2025-11-22 05:15:00.000000 UTC"
"Downtown","41.18571428571429","1241","0.5785714285714285","NORMAL","2025-11-22 04:25:00.000000 UTC","2025-11-22 04:30:00.000000 UTC"
"Downtown","40.023529411764706","1092","0.6258823529411766","NORMAL","2025-11-22 06:30:00.000000 UTC","2025-11-22 06:35:00.000000 UTC"
"RingRoad","40.868181818181824","1206","0.5595454545454546","NORMAL","2025-11-22 05:55:00.000000 UTC","2025-11-22 06:00:00.000000 UTC"
"TechPark","39.733333333333334","1035","0.7180952380952381","CRITICAL","2025-11-22 07:20:00.000000 UTC","2025-11-22 07:25:00.000000 UTC"
"RingRoad","40.48","1351","0.5688000000000001","NORMAL","2025-11-22 04:40:00.000000 UTC","2025-11-22 04:45:00.000000 UTC"
"Downtown","35.87916666666667","1197","0.61","NORMAL","2025-11-22 07:35:00.000000 UTC","2025-11-22 07:40:00.000000 UTC"
"AirportRoad","41.56666666666667","832","0.5985714285714285","NORMAL","2025-11-22 05:30:00.000000 UTC","2025-11-22 05:35:00.000000 UTC"
"RingRoad","36.83529411764705","817","0.6623529411764706","NORMAL","2025-11-22 04:50:00.000000 UTC","2025-11-22 04:55:00.000000 UTC"
"RingRoad","41.3909090909091","1153","0.6304545454545456","NORMAL","2025-11-22 06:35:00.000000 UTC","2025-11-22 06:40:00.000000 UTC"
"Downtown","21.1","70","0.76","CRITICAL","2025-11-22 04:15:00.000000 UTC","2025-11-22 04:20:00.000000 UTC"
"MallRoad","41.66363636363636","1320","0.6536363636363636","NORMAL","2025-11-22 04:40:00.000000 UTC","2025-11-22 04:45:00.000000 UTC"
"RingRoad","37.155","1094","0.638","NORMAL","2025-11-22 06:15:00.000000 UTC","2025-11-22 06:20:00.000000 UTC"
"MallRoad","44.10869565217391","847","0.6295652173913044","NORMAL","2025-11-22 06:50:00.000000 UTC","2025-11-22 06:55:00.000000 UTC"
"AirportRoad","38.54117647058824","741","0.7011764705882353","CRITICAL","2025-11-22 07:00:00.000000 UTC","2025-11-22 07:05:00.000000 UTC"
"Downtown","42.55185185185186","1593","0.6037037037037037","NORMAL","2025-11-22 06:20:00.000000 UTC","2025-11-22 06:25:00.000000 UTC"
"AirportRoad","42.573684210526324","888","0.6552631578947368","NORMAL","2025-11-22 07:35:00.000000 UTC","2025-11-22 07:40:00.000000 UTC"
"MallRoad","40.72631578947368","1007","0.6105263157894738","NORMAL","2025-11-22 04:50:00.000000 UTC","2025-11-22 04:55:00.000000 UTC"
"RingRoad","39.05238095238096","1098","0.6214285714285713","NORMAL","2025-11-22 06:10:00.000000 UTC","2025-11-22 06:15:00.000000 UTC"
"TechPark","40.596666666666664","1631","0.6246666666666667","NORMAL","2025-11-22 05:50:00.000000 UTC","2025-11-22 05:55:00.000000 UTC"
"TechPark","44.75294117647059","845","0.5958823529411765","NORMAL","2025-11-22 06:30:00.000000 UTC","2025-11-22 06:35:00.000000 UTC"
"RingRoad","41.225","901","0.5974999999999999","NORMAL","2025-11-22 07:30:00.000000 UTC","2025-11-22 07:35:00.000000 UTC"
"RingRoad","37.142857142857146","1078","0.6414285714285715","NORMAL","2025-11-22 05:10:00.000000 UTC","2025-11-22 05:15:00.000000 UTC"
"MallRoad","37.535000000000004","1233","0.6824999999999999","NORMAL","2025-11-22 04:20:00.000000 UTC","2025-11-22 04:25:00.000000 UTC"
"AirportRoad","40.48571428571428","1114","0.649047619047619","NORMAL","2025-11-22 06:55:00.000000 UTC","2025-11-22 07:00:00.000000 UTC"
"MallRoad","43.25806451612904","1943","0.6719354838709677","NORMAL","2025-11-22 04:55:00.000000 UTC","2025-11-22 05:00:00.000000 UTC"
"Downtown","39.41481481481482","1481","0.5644444444444444","NORMAL","2025-11-22 06:45:00.000000 UTC","2025-11-22 06:50:00.000000 UTC"
"MallRoad","40.91304347826087","1116","0.6160869565217392","NORMAL","2025-11-22 06:35:00.000000 UTC","2025-11-22 06:40:00.000000 UTC"
"Downtown","40.92400000000001","1295","0.594","NORMAL","2025-11-22 06:05:00.000000 UTC","2025-11-22 06:10:00.000000 UTC"
"Downtown","42.04210526315789","837","0.6642105263157895","NORMAL","2025-11-22 04:50:00.000000 UTC","2025-11-22 04:55:00.000000 UTC"
"Downtown","35.08461538461539","659","0.6361538461538461","NORMAL","2025-11-22 06:35:00.000000 UTC","2025-11-22 06:40:00.000000 UTC"
"MallRoad","38.87083333333333","1162","0.5858333333333333","NORMAL","2025-11-22 07:55:00.000000 UTC","2025-11-22 08:00:00.000000 UTC"
"AirportRoad","43.395","1092","0.6125","NORMAL","2025-11-22 07:15:00.000000 UTC","2025-11-22 07:20:00.000000 UTC"
"TechPark","36.43636363636364","465","0.6536363636363637","NORMAL","2025-11-22 04:30:00.000000 UTC","2025-11-22 04:35:00.000000 UTC"
"RingRoad","39.84166666666666","1289","0.6366666666666666","NORMAL","2025-11-22 04:35:00.000000 UTC","2025-11-22 04:40:00.000000 UTC"
"AirportRoad","35.42142857142857","614","0.7478571428571429","CRITICAL","2025-11-22 05:40:00.000000 UTC","2025-11-22 05:45:00.000000 UTC"
"MallRoad","37.65555555555556","1012","0.5727777777777778","NORMAL","2025-11-22 06:55:00.000000 UTC","2025-11-22 07:00:00.000000 UTC"
"MallRoad","35.400000000000006","879","0.64625","NORMAL","2025-11-22 07:35:00.000000 UTC","2025-11-22 07:40:00.000000 UTC"
"TechPark","42.84444444444445","769","0.6372222222222222","NORMAL","2025-11-22 08:15:00.000000 UTC","2025-11-22 08:20:00.000000 UTC"
"RingRoad","41.487500000000004","1241","0.6791666666666667","NORMAL","2025-11-22 05:00:00.000000 UTC","2025-11-22 05:05:00.000000 UTC"
"RingRoad","39.89411764705883","803","0.614705882352941","NORMAL","2025-11-22 06:05:00.000000 UTC","2025-11-22 06:10:00.000000 UTC"
"TechPark","42.166666666666664","593","0.6475","NORMAL","2025-11-22 05:55:00.000000 UTC","2025-11-22 06:00:00.000000 UTC"
"Downtown","38.800000000000004","758","0.713076923076923","CRITICAL","2025-11-22 08:10:00.000000 UTC","2025-11-22 08:15:00.000000 UTC"
"RingRoad","39.356249999999996","590","0.6443749999999999","NORMAL","2025-11-22 05:15:00.000000 UTC","2025-11-22 05:20:00.000000 UTC"
"AirportRoad","35.49642857142858","1160","0.5725","NORMAL","2025-11-22 04:30:00.000000 UTC","2025-11-22 04:35:00.000000 UTC"
"TechPark","38.81428571428571","1058","0.6450000000000001","NORMAL","2025-11-22 06:45:00.000000 UTC","2025-11-22 06:50:00.000000 UTC"
"AirportRoad","41.79285714285714","558","0.6921428571428573","NORMAL","2025-11-22 08:10:00.000000 UTC","2025-11-22 08:15:00.000000 UTC"
"AirportRoad","38.44736842105263","1173","0.6689473684210526","NORMAL","2025-11-22 06:15:00.000000 UTC","2025-11-22 06:20:00.000000 UTC"
"Downtown","39.8","1417","0.6453846153846154","NORMAL","2025-11-22 04:35:00.000000 UTC","2025-11-22 04:40:00.000000 UTC"
"Downtown","41.45454545454545","1259","0.6077272727272726","NORMAL","2025-11-22 05:40:00.000000 UTC","2025-11-22 05:45:00.000000 UTC"
"MallRoad","43.73846153846154","665","0.583076923076923","NORMAL","2025-11-22 07:50:00.000000 UTC","2025-11-22 07:55:00.000000 UTC"
"RingRoad","42.47777777777778","904","0.5988888888888888","NORMAL","2025-11-22 07:05:00.000000 UTC","2025-11-22 07:10:00.000000 UTC"
"AirportRoad","39.775000000000006","817","0.6749999999999999","NORMAL","2025-11-22 04:35:00.000000 UTC","2025-11-22 04:40:00.000000 UTC"
"MallRoad","36.2","693","0.6249999999999999","NORMAL","2025-11-22 06:40:00.000000 UTC","2025-11-22 06:45:00.000000 UTC"
"Downtown","36.365","894","0.6875","NORMAL","2025-11-22 05:45:00.000000 UTC","2025-11-22 05:50:00.000000 UTC"
"Downtown","40.94782608695652","1062","0.7382608695652174","CRITICAL","2025-11-22 07:20:00.000000 UTC","2025-11-22 07:25:00.000000 UTC"
"Downtown","38.647619047619045","1176","0.6085714285714287","NORMAL","2025-11-22 07:25:00.000000 UTC","2025-11-22 07:30:00.000000 UTC"
"Downtown","36.194117647058825","1065","0.6311764705882352","NORMAL","2025-11-22 07:10:00.000000 UTC","2025-11-22 07:15:00.000000 UTC"
"Downtown","43.16538461538461","1255","0.6580769230769229","NORMAL","2025-11-22 06:55:00.000000 UTC","2025-11-22 07:00:00.000000 UTC"
"TechPark","43.12857142857143","617","0.5935714285714285","NORMAL","2025-11-22 07:40:00.000000 UTC","2025-11-22 07:45:00.000000 UTC"
"RingRoad","40.79565217391305","1114","0.653913043478261","NORMAL","2025-11-22 08:00:00.000000 UTC","2025-11-22 08:05:00.000000 UTC"
"Downtown","40.25","1050","0.6241666666666666","NORMAL","2025-11-22 04:45:00.000000 UTC","2025-11-22 04:50:00.000000 UTC"
"TechPark","39.699999999999996","914","0.6499999999999999","NORMAL","2025-11-22 04:50:00.000000 UTC","2025-11-22 04:55:00.000000 UTC"
"TechPark","44.078947368421055","891","0.6894736842105262","NORMAL","2025-11-22 07:50:00.000000 UTC","2025-11-22 07:55:00.000000 UTC"
"MallRoad","42.026666666666664","795","0.5113333333333333","NORMAL","2025-11-22 08:15:00.000000 UTC","2025-11-22 08:20:00.000000 UTC"
"RingRoad","36.33846153846154","687","0.6207692307692307","NORMAL","2025-11-22 08:15:00.000000 UTC","2025-11-22 08:20:00.000000 UTC"
"MallRoad","39.59473684210526","946","0.5952631578947368","NORMAL","2025-11-22 05:35:00.000000 UTC","2025-11-22 05:40:00.000000 UTC"
"AirportRoad","37.57","511","0.749","CRITICAL","2025-11-22 05:25:00.000000 UTC","2025-11-22 05:30:00.000000 UTC"
"AirportRoad","41.88333333333333","831","0.5827777777777777","NORMAL","2025-11-22 06:00:00.000000 UTC","2025-11-22 06:05:00.000000 UTC"
"AirportRoad","29.977777777777778","682","0.6272222222222222","NORMAL","2025-11-22 05:10:00.000000 UTC","2025-11-22 05:15:00.000000 UTC"
"AirportRoad","28.45","107","0.62","NORMAL","2025-11-22 08:20:00.000000 UTC","2025-11-22 08:25:00.000000 UTC"
"RingRoad","33.075","164","0.5425","NORMAL","2025-11-22 08:20:00.000000 UTC","2025-11-22 08:25:00.000000 UTC"
"Downtown","39.900000000000006","110","0.32999999999999996","NORMAL","2025-11-22 08:20:00.000000 UTC","2025-11-22 08:25:00.000000 UTC"
"TechPark","41.13333333333333","138","0.8766666666666666","CRITICAL","2025-11-22 08:20:00.000000 UTC","2025-11-22 08:25:00.000000 UTC"
